/*
SQLyog Ultimate v11.24 (32 bit)
MySQL - 5.6.26-log : Database - tc100
*********************************************************************
*/

/*!40101 SET NAMES utf8 */;

/*!40101 SET SQL_MODE=''*/;

/*!40014 SET @OLD_UNIQUE_CHECKS=@@UNIQUE_CHECKS, UNIQUE_CHECKS=0 */;
/*!40014 SET @OLD_FOREIGN_KEY_CHECKS=@@FOREIGN_KEY_CHECKS, FOREIGN_KEY_CHECKS=0 */;
/*!40101 SET @OLD_SQL_MODE=@@SQL_MODE, SQL_MODE='NO_AUTO_VALUE_ON_ZERO' */;
/*!40111 SET @OLD_SQL_NOTES=@@SQL_NOTES, SQL_NOTES=0 */;
CREATE DATABASE /*!32312 IF NOT EXISTS*/`tc100` /*!40100 DEFAULT CHARACTER SET utf8 */;

USE `tc100`;

/*Table structure for table `tc_active` */

DROP TABLE IF EXISTS `tc_active`;

CREATE TABLE `tc_active` (
  `id` char(32) NOT NULL COMMENT '同城购',
  `act_name` varchar(50) DEFAULT NULL COMMENT '模板名称',
  `user_id` char(32) DEFAULT NULL COMMENT '用户id',
  `card_id` char(32) DEFAULT NULL COMMENT '用户名片id',
  `cate_id` char(32) DEFAULT NULL COMMENT '分类id',
  `act_type` char(10) DEFAULT NULL COMMENT '位置代码',
  `main_pic` varchar(100) DEFAULT NULL COMMENT '同城购主图',
  `summary` varchar(2000) DEFAULT NULL COMMENT '简介',
  `is_init` char(1) DEFAULT NULL COMMENT '是否自动加载首页图片',
  `detail_summary` varchar(2000) DEFAULT NULL COMMENT '详情页简介',
  `detail_content` text COMMENT '详情页内容',
  `state` char(1) DEFAULT NULL COMMENT '状态 0删除 1存在 2发布',
  `start_time` datetime DEFAULT NULL COMMENT '开始时间',
  `end_time` datetime DEFAULT NULL COMMENT '结束时间',
  `view_count` int(11) DEFAULT NULL COMMENT '浏览次数',
  `amount` decimal(10,2) DEFAULT NULL COMMENT '剩余金额',
  `region` varchar(1000) DEFAULT NULL COMMENT '提供服务的区域',
  `addName` varchar(1000) DEFAULT NULL COMMENT '消息发布时用户的定位',
  `create_by` char(32) DEFAULT NULL COMMENT '创建人',
  `create_time` datetime DEFAULT NULL COMMENT '创建时间',
  `update_by` char(32) DEFAULT NULL COMMENT '更新人',
  `update_time` datetime DEFAULT NULL COMMENT '更新时间',
  PRIMARY KEY (`id`)
) ENGINE=InnoDB DEFAULT CHARSET=utf8 COMMENT='同城购';

/*Data for the table `tc_active` */

insert  into `tc_active`(`id`,`act_name`,`user_id`,`card_id`,`cate_id`,`act_type`,`main_pic`,`summary`,`is_init`,`detail_summary`,`detail_content`,`state`,`start_time`,`end_time`,`view_count`,`amount`,`region`,`addName`,`create_by`,`create_time`,`update_by`,`update_time`) values ('02ee18f3de0145968efd696a966dced5','','1','1','','E2','','是短发飞','1','','','2','2017-02-09 08:00:00','2017-02-18 08:00:00',NULL,NULL,'撒打发斯蒂芬','太原','','2017-02-17 10:55:41','','2017-02-17 10:55:50'),('039fd0f0784a4c2597acd2eeac49b905','','1',NULL,NULL,'A1',NULL,'','1','12','','1',NULL,NULL,NULL,NULL,NULL,'',NULL,'2017-02-10 01:59:19',NULL,'2017-02-10 01:59:19'),('05763ca1633b42319551d3f22b820304','','99383391a49d4a16b7b1a5e00a8115f9','','','C2','/tcimg/99383391a49d4a16b7b1a5e00a8115f9/7ef55fd4c23546328586f5df80bfa8c2.png','杏花岭','1','杏花岭','','1',NULL,NULL,NULL,NULL,'杏花岭','太原','','2017-02-20 16:20:55','','2017-02-20 16:20:55'),('0c3c70d5fef642e1aeca2b925e6797b1','','1',NULL,NULL,'B2',NULL,'12','1','123','','2','2017-02-01 08:00:00','2017-02-24 08:00:00',NULL,NULL,NULL,'',NULL,'2017-02-07 00:43:13',NULL,'2017-02-07 00:43:21'),('0c47922b102c4d93a9d4235d7bad6417','','1',NULL,NULL,'A1',NULL,'','1','123213','123','1',NULL,NULL,NULL,NULL,NULL,'',NULL,'2017-02-10 01:53:24',NULL,'2017-02-10 01:53:24'),('0ce0e7f911804b59b9ff9cfa2540a0fc','','99383391a49d4a16b7b1a5e00a8115f9','','','C1','/tcimg/99383391a49d4a16b7b1a5e00a8115f9/972adb6fdd744c7f80428833e9f3d67a.png','','1','萨达','撒旦法','1',NULL,NULL,NULL,NULL,'撒旦法','太原','','2017-02-20 17:14:11','','2017-02-20 17:14:11'),('1','2','1','1','fbfl2','A1','/tcimg/1.jpg','1','0','1',NULL,'2','2017-02-03 11:27:53','2017-02-23 11:28:02',1,'2.00','1','太原',NULL,NULL,NULL,NULL),('1016fe7c440e4bd9a7e95e5b20dbaa76','','1',NULL,NULL,'D1',NULL,'','1','1','','1',NULL,NULL,NULL,NULL,'2','太原',NULL,'2017-02-08 16:33:48',NULL,'2017-02-08 16:33:48'),('150dfb3834054963852081b50020ad49','','1',NULL,NULL,'D1',NULL,'','1','欠我钱','awd','1',NULL,NULL,NULL,NULL,'1','太原',NULL,'2017-02-08 15:16:56',NULL,'2017-02-08 15:16:56'),('157c89c78f4c46d3b646f209ad393fbc','','1',NULL,NULL,'A1',NULL,'','1','12','','1',NULL,NULL,NULL,NULL,NULL,'',NULL,'2017-02-10 01:59:18',NULL,'2017-02-10 01:59:18'),('15a6cafbeecf4fbd893aa6d4bf058006','','1',NULL,NULL,'D2','','awd','1','awd','awd','0',NULL,NULL,NULL,NULL,'3','太原','','2017-02-12 22:12:57','','2017-02-19 11:25:31'),('1b659062547a46c9af58df0859c34e76','','1',NULL,NULL,'A1',NULL,'','1','1','','0',NULL,NULL,NULL,NULL,NULL,'','','2017-02-08 10:00:11','','2017-02-19 11:25:33'),('1cd186fd7abf462cb932d5d1618ce50b','','1',NULL,NULL,'A1',NULL,'','1','12','','1',NULL,NULL,NULL,NULL,NULL,'',NULL,'2017-02-10 21:13:22',NULL,'2017-02-10 21:13:22'),('1cd1d64b67da438bb8c537d1e347766f','','1',NULL,NULL,'A1',NULL,'','1','12','','1',NULL,NULL,NULL,NULL,NULL,'',NULL,'2017-02-08 10:01:24',NULL,'2017-02-08 10:01:24'),('1e8b6e3afb4844c58368eb827566e11f','','1',NULL,NULL,'A1',NULL,'','1','123123123123','','1',NULL,NULL,NULL,NULL,NULL,'',NULL,'2017-02-05 22:44:43',NULL,'2017-02-05 22:44:43'),('2','2','1','1','fbfl2','A1','/tcimg/1.jpg','1','0','1',NULL,'2','2017-02-03 11:27:53','2017-02-23 11:28:02',1,'1.00','小店','太原',NULL,NULL,NULL,NULL),('20c9aaaa2f5e4199a0ca641ace70d725','','1',NULL,NULL,'C2',NULL,'请问','1','我的','','1',NULL,NULL,NULL,NULL,'2','太原',NULL,'2017-02-08 15:37:00',NULL,'2017-02-08 15:37:00'),('22a93c45d5c44d2a8390a61ffa6d9b85','','1',NULL,NULL,'A1',NULL,'','0','123','','1',NULL,NULL,NULL,NULL,'1','太原',NULL,'2017-02-07 16:27:48',NULL,'2017-02-07 16:27:48'),('22efcc5f6dd14cc3bc874da554536c2f','','1',NULL,NULL,'A1',NULL,'','1','123213','123','1',NULL,NULL,NULL,NULL,'2','太原',NULL,'2017-02-10 01:53:24',NULL,'2017-02-10 01:53:24'),('23c4a4486660495684f468456c1ac3b8','','1',NULL,NULL,'A1',NULL,'','0','123','','1',NULL,NULL,NULL,NULL,'3','太原',NULL,'2017-02-06 00:28:02',NULL,'2017-02-06 00:28:02'),('265d29f213b34a1090317c3e34a20ca8','','1',NULL,NULL,'A1',NULL,'','1','1','','1',NULL,NULL,NULL,NULL,NULL,'',NULL,'2017-02-06 09:29:45',NULL,'2017-02-06 09:29:45'),('26cae567536148ebad13fed01fafed74','','1',NULL,NULL,'A1',NULL,'','0','1','','1',NULL,NULL,NULL,NULL,NULL,'',NULL,'2017-02-05 22:18:05',NULL,'2017-02-05 22:18:05'),('2a392693d1994411b2104d8d633bdaf0','','1',NULL,NULL,'D1',NULL,'','1','12','','1',NULL,NULL,NULL,NULL,'2','太原',NULL,'2017-02-08 16:29:53',NULL,'2017-02-08 16:29:53'),('2eecfb4b65044cbe9c2a8c1039be096f','','1','1','fbfl2','B2','','1231231','1','','','2','2017-02-01 08:00:00','2017-02-24 08:00:00',3,'2.00','1','太原','','2017-02-13 17:00:50','','2017-02-13 17:01:00'),('3','2','1','1','fbfl2','A1','/tcimg/1.jpg','1','0','1',NULL,'2','2017-02-03 11:27:53','2017-02-23 11:28:02',7,'4.00','小店','太原',NULL,NULL,NULL,NULL),('325c580e90a2448782d12087bf0050f7','','1',NULL,NULL,'C2','','12','1','123','123','1',NULL,NULL,NULL,NULL,'1','太原',NULL,'2017-02-12 22:01:47',NULL,'2017-02-12 22:01:47'),('333','D1','1','1','1','D1',NULL,'333','0',NULL,NULL,'2','2017-02-15 17:09:45','2017-02-28 17:09:49',NULL,NULL,'小店','太原',NULL,NULL,NULL,NULL),('369c1796f83a41a59deb9de71e8d84af','',NULL,NULL,NULL,'A1',NULL,'','0','12313123123123123','','1',NULL,NULL,NULL,NULL,NULL,'',NULL,'2017-02-06 00:06:33',NULL,'2017-02-06 00:06:33'),('3e82b2084a5b419caff5c63080e81d64','','1',NULL,NULL,'A1',NULL,'','1','123213','','1',NULL,NULL,NULL,NULL,NULL,'',NULL,'2017-02-10 01:52:44',NULL,'2017-02-10 01:52:44'),('3eaea79085e84e47b562ec057a767fb5','','1',NULL,NULL,'A1',NULL,'','0','123','','1',NULL,NULL,NULL,NULL,NULL,'',NULL,'2017-02-06 00:25:44',NULL,'2017-02-06 00:25:44'),('3f0631f77cf74d9cab397f2a7443da2a','','1','1','fbfl2','B2','','123','1','','','2','2017-02-01 08:00:00','2017-02-24 08:00:00',1,'1.00','sdfsaf','太原','','2017-02-13 16:59:48','','2017-02-13 17:00:00'),('3f5c0d28d8444929b790502883cf30a7','','1',NULL,NULL,'A1',NULL,'','1','123213','123','1',NULL,NULL,NULL,NULL,NULL,'',NULL,'2017-02-10 01:52:53',NULL,'2017-02-10 01:52:53'),('41b9670726b449b28c3a19f2f9332bab','',NULL,NULL,'fbfl1','A1',NULL,'','0','213123123123','','2','2017-02-03 11:27:53','2017-02-23 11:28:02',3,'5.00','杏花岭','太原',NULL,'2017-02-06 00:11:37',NULL,'2017-02-06 00:12:03'),('434353b930d44e34b252af8731216420','','1',NULL,'fbfl1','A1',NULL,'','1','12','','2','2017-02-03 11:27:53','2017-02-23 11:28:02',2,'7.00','迎泽','太原',NULL,'2017-02-06 09:58:20',NULL,'2017-02-06 09:58:29'),('444','D2','1','1','1','D2',NULL,'日日日','0',NULL,NULL,'2','2017-02-15 17:09:45','2017-02-28 17:09:49',NULL,NULL,'迎泽','太原2',NULL,'2017-02-06 17:11:34',NULL,NULL),('447b7a25e51d4fb5b8a3287e54961e1b','','99383391a49d4a16b7b1a5e00a8115f9','b149eeefd4b64f928ab52d032e0b0e27','','C1','/tcimg/99383391a49d4a16b7b1a5e00a8115f9/be994dd196154f649a58ffe1f793460c.png','','1','撒旦法','是否','2','2017-02-07 08:00:00','2017-02-25 08:00:00',NULL,NULL,'撒发生','太原','','2017-02-20 17:26:39','','2017-02-20 17:31:14'),('48e2ba200d9a457eac0f5008fc72e702','','1','1','','A1','/tcimg/1/6c09c39022bf45b1a8009549ee3ddcab.jpg','','1','123','123123123','2','2017-02-01 08:00:00','2017-02-23 08:00:00',1,NULL,NULL,'',NULL,'2017-02-12 21:56:51',NULL,'2017-02-12 21:59:11'),('4d6a0d2f22ad41bead4c59386152da58','','1',NULL,NULL,'D2',NULL,'12','1','123','','1',NULL,NULL,NULL,NULL,NULL,'太原',NULL,'2017-02-08 15:18:00',NULL,'2017-02-08 15:18:00'),('4e841110ef4c4fa6938fec20aa037c4a','','1',NULL,NULL,'D1',NULL,'','1','12313','123','1',NULL,NULL,NULL,NULL,NULL,'太原',NULL,'2017-02-08 16:26:04',NULL,'2017-02-08 16:26:04'),('598bc88a9bc345aba014a6ea968c224b','','1',NULL,NULL,'A1',NULL,'','1','123213','123','1',NULL,NULL,NULL,NULL,NULL,'',NULL,'2017-02-10 01:53:31',NULL,'2017-02-10 01:53:31'),('5bd726352c6a4845b83a172c456a496c','','1',NULL,NULL,'A1',NULL,'','1','1','','1',NULL,NULL,NULL,NULL,NULL,'',NULL,'2017-02-08 10:00:51',NULL,'2017-02-08 10:00:51'),('5cdb11184642480680c34ccbe5f52dde','','1',NULL,NULL,'D1',NULL,'','1','12313','123','1',NULL,NULL,NULL,NULL,NULL,'太原',NULL,'2017-02-08 16:26:35',NULL,'2017-02-08 16:26:35'),('5d755a3d50fd428e8d5814b673006c16','','1',NULL,'fbfl2','A1',NULL,'','0','1231231312312312','','2','2017-02-03 11:27:53','2017-02-23 11:28:02',4,'9.00','迎泽','太原',NULL,'2017-02-06 00:16:18',NULL,'2017-02-06 00:17:10'),('5dc51f733f814614b854fbf4b1fb7ef9','','1',NULL,NULL,'A1',NULL,'','1','12','','1',NULL,NULL,NULL,NULL,NULL,'',NULL,'2017-02-10 01:55:29',NULL,'2017-02-10 01:55:29'),('60054d555e484a2788fba4a84ed2ccf6','','1',NULL,NULL,'A1',NULL,'','1','123213','123','1',NULL,NULL,NULL,NULL,NULL,'',NULL,'2017-02-10 01:52:51',NULL,'2017-02-10 01:52:51'),('61dc36df084b4a6e9e30acbdef7eb408','','1',NULL,NULL,'A1',NULL,'','1','12312','','1',NULL,NULL,NULL,NULL,NULL,'',NULL,'2017-02-05 23:33:42',NULL,'2017-02-05 23:33:42'),('69228d5af42840f38c1cba3714b53632','','1','','','B2','','1212','1','21','','1',NULL,NULL,NULL,NULL,NULL,'太原','','2017-02-13 16:30:15','','2017-02-13 16:30:15'),('693244c68c4247f3b7d7e5e016cf0eb8','','1','1','','B2','','sdfasdf','1','','','2','2017-02-01 08:00:00','2017-02-24 08:00:00',NULL,NULL,'sdfasfasdfasdf',NULL,'','2017-02-16 17:21:21','','2017-02-16 17:21:38'),('6e9580079d644886abea530eb0342636','','99383391a49d4a16b7b1a5e00a8115f9','','','C2','/tcimg/99383391a49d4a16b7b1a5e00a8115f9/098785e89d76477c8fed3cf87f6491d3.png','是大法师法','1','撒的发生','','1',NULL,NULL,NULL,NULL,'杏花岭','太原','','2017-02-20 16:16:06','','2017-02-20 16:16:06'),('71f32421c7be4bcc85bd7faf2ba13443','','1',NULL,NULL,'A1',NULL,'','1','123','','1',NULL,NULL,NULL,NULL,NULL,'',NULL,'2017-02-10 02:01:21',NULL,'2017-02-10 02:01:21'),('725d197cf03c476db4e8fd1fbac57a85','','1',NULL,NULL,'A1',NULL,'','1','12','','2',NULL,NULL,NULL,NULL,NULL,'',NULL,'2017-02-06 09:58:54',NULL,'2017-02-06 09:59:14'),('752d4f38cfe549df9dbbd9cd4469c971','','1','1','','E1','','','1','','','2','2017-02-17 08:00:00','2017-02-24 08:00:00',1,NULL,'E1','太原','','2017-02-17 10:58:53','','2017-02-17 10:59:13'),('76770303c10e462eab60fa7168110034','','99383391a49d4a16b7b1a5e00a8115f9','b149eeefd4b64f928ab52d032e0b0e27','','C1','/tcimg/99383391a49d4a16b7b1a5e00a8115f9/33746df596a6497287d14a25ebbab841.png','','1','新化县','新化县','2','2017-02-14 08:00:00','2017-02-23 08:00:00',NULL,NULL,'新化县','太原','','2017-02-20 16:05:39','','2017-02-20 16:06:14'),('775c5d199584488e87f5249f0e2a1014','','1',NULL,NULL,'A1',NULL,'','1','123213','123','1',NULL,NULL,NULL,NULL,NULL,'',NULL,'2017-02-10 01:53:48',NULL,'2017-02-10 01:53:48'),('7be7f8af428642bf88af1f6bc98a57f8','','1',NULL,NULL,'A1',NULL,'','1','1','','1',NULL,NULL,NULL,NULL,NULL,'',NULL,'2017-02-08 09:46:38',NULL,'2017-02-08 09:46:38'),('7cfa703c9d024e349ee6cca3705dc8db','','1',NULL,NULL,'B2',NULL,'1','1','1','','1',NULL,NULL,NULL,NULL,NULL,'太原',NULL,'2017-02-07 00:38:26',NULL,'2017-02-07 00:38:26'),('7d47723e1ea44b2fb03dac393ae40f8e','','1','1','fbfl1','A1',NULL,'','1','123','','2','2017-02-06 08:00:00','2017-02-16 08:00:00',NULL,NULL,NULL,'',NULL,'2017-02-10 02:47:49',NULL,'2017-02-10 02:48:16'),('7dfd9f2e9dd64319a6fac33b09967679','','1',NULL,NULL,'A1',NULL,'','0','123','','1',NULL,NULL,NULL,NULL,NULL,'',NULL,'2017-02-06 00:24:33',NULL,'2017-02-06 00:24:33'),('7e2df34c05844c93a1a10812f9c0c12f','','1',NULL,NULL,'A1',NULL,'','1','11','','1',NULL,NULL,NULL,NULL,NULL,'',NULL,'2017-02-10 01:54:29',NULL,'2017-02-10 01:54:29'),('7e81bab2bc734073a49512cf3307716c','','1',NULL,NULL,'A1',NULL,'','1','123213','123','1',NULL,NULL,NULL,NULL,NULL,'',NULL,'2017-02-10 01:52:54',NULL,'2017-02-10 01:52:54'),('839c16e098154de58193c60468fd3570','','1',NULL,NULL,'A1',NULL,'','1','123213','123','1',NULL,NULL,NULL,NULL,NULL,'',NULL,'2017-02-10 01:52:55',NULL,'2017-02-10 01:52:55'),('879cb04d40c7490686705cabd06dbc4d','','1',NULL,NULL,'A1',NULL,'','1','12','','1',NULL,NULL,NULL,NULL,NULL,'',NULL,'2017-02-10 01:54:41',NULL,'2017-02-10 01:54:41'),('87ccaf154cb84ff7aac6a2139f485c24','','1','','','B2','','dasfa','1','sdffasfd','adsfafd','1',NULL,NULL,NULL,NULL,NULL,NULL,'','2017-02-16 17:20:19','','2017-02-16 17:20:19'),('8b983bf32e734b05ba20cc94c9a676c8','','1','1','fbfl2','A1',NULL,'','1','21','','2','2017-02-06 08:00:00','2017-02-23 08:00:00',1,NULL,NULL,'',NULL,'2017-02-10 02:48:34',NULL,'2017-02-10 02:48:43'),('8c83682d4ded4d68973644c6ffd3fda5','','1',NULL,NULL,'A1',NULL,'','1','123213','123','1',NULL,NULL,NULL,NULL,NULL,'',NULL,'2017-02-10 01:53:22',NULL,'2017-02-10 01:53:22'),('8e1c2490a6d544f39edc6f1cc6d3d776','','1',NULL,NULL,'A1',NULL,'','1','12','','1',NULL,NULL,NULL,NULL,NULL,'',NULL,'2017-02-10 01:55:06',NULL,'2017-02-10 01:55:06'),('8ef7a9a0979940cca1a915b8adffb329','','1','1','fbfl1','A1',NULL,'','1','a','','2','2017-02-15 08:00:00','2017-02-23 08:00:00',NULL,NULL,NULL,'',NULL,'2017-02-08 10:14:10',NULL,'2017-02-08 10:14:26'),('8f1c9a87f4c74ca799be6b753c483de7','','1',NULL,NULL,'A1',NULL,'','0','12','','2',NULL,NULL,NULL,NULL,NULL,'',NULL,'2017-02-06 00:22:24',NULL,'2017-02-06 00:22:39'),('921235c41759469f92697ce10ba5c771','','1',NULL,NULL,'A1',NULL,'','0','324','23132','2',NULL,NULL,NULL,NULL,NULL,'',NULL,'2017-02-06 00:18:59',NULL,'2017-02-06 00:19:54'),('971ef67d19ef4380ae3a364a6bf9e5a8','','99383391a49d4a16b7b1a5e00a8115f9','','','C1','/tcimg/99383391a49d4a16b7b1a5e00a8115f9/1a31d382c16b41ae8a6a3a44e522fc42.png','','1','撒旦法','撒旦法','1',NULL,NULL,NULL,NULL,'是打发斯蒂芬','太原','','2017-02-20 17:09:29','','2017-02-20 17:09:29'),('9f10f73afe4049318a0168a45548626a','',NULL,NULL,NULL,'A1',NULL,'','0','1231313131312312','','1',NULL,NULL,NULL,NULL,NULL,'',NULL,'2017-02-06 00:07:30',NULL,'2017-02-06 00:07:30'),('9f376d9038594cc6bcaed61ea54ed89a','','1',NULL,NULL,'A1',NULL,'','1','1','','1',NULL,NULL,NULL,NULL,NULL,'',NULL,'2017-02-08 09:47:37',NULL,'2017-02-08 09:47:37'),('a039b22b74714f54a0a4a68f5016d0d1','','1',NULL,NULL,'D1',NULL,'','1','123','','1',NULL,NULL,NULL,NULL,NULL,'太原',NULL,'2017-02-08 16:36:24',NULL,'2017-02-08 16:36:24'),('a10e3526ba5a48ca9d2c3ce7c085d65b','','1',NULL,NULL,'D1',NULL,'','1','全额去','','1',NULL,NULL,NULL,NULL,NULL,'太原',NULL,'2017-02-08 16:28:31',NULL,'2017-02-08 16:28:31'),('a2fb0f6ec50d4f7c8e5297fedcd14bf5','','99383391a49d4a16b7b1a5e00a8115f9','','','C1','/tcimg/99383391a49d4a16b7b1a5e00a8115f9/cfdc3e9f99114fc38ffd9f8402a04b79.png','','1','撒旦法','阿斯顿发放','1',NULL,NULL,NULL,NULL,'撒旦法','太原','','2017-02-20 17:16:03','','2017-02-20 17:16:03'),('a6689d2175c34363a9f18bdf0e3dfcc2','','99383391a49d4a16b7b1a5e00a8115f9','','','C1','/tcimg/99383391a49d4a16b7b1a5e00a8115f9/67e757fd65e6469382a1be541efcb089.jpg','','1','撒发生','撒的发到付','1',NULL,NULL,NULL,NULL,'是打发点','太原','','2017-02-20 16:28:45','','2017-02-20 16:28:45'),('a6d7c69dc94e4413aa5d3d0025250e87','','1',NULL,NULL,'A1',NULL,'','1','12','','1',NULL,NULL,NULL,NULL,NULL,'',NULL,'2017-02-10 01:59:10',NULL,'2017-02-10 01:59:10'),('a751a51c89624d52a0d8c93d9b910110','','99383391a49d4a16b7b1a5e00a8115f9','','','C2','/tcimg/99383391a49d4a16b7b1a5e00a8115f9/5b4c7e89295a449fa82438012b23458d.png','士大夫撒旦','1','撒旦法','是否','1',NULL,NULL,NULL,NULL,'地方','太原','','2017-02-20 17:03:21','','2017-02-20 17:03:21'),('a9bc73188a1341ad8e3ca077630827eb','','1',NULL,NULL,'A1',NULL,'','1','2','','2',NULL,NULL,NULL,NULL,NULL,'',NULL,'2017-02-06 09:32:40',NULL,'2017-02-06 09:41:32'),('af3e18b0ebae40119d5d3a2842d95e35','','1',NULL,NULL,'A1',NULL,'','1','1','','1',NULL,NULL,NULL,NULL,NULL,'',NULL,'2017-02-08 09:46:55',NULL,'2017-02-08 09:46:55'),('af83c471bba74e41806077ff4221dd25','','99383391a49d4a16b7b1a5e00a8115f9','','','C1','/tcimg/99383391a49d4a16b7b1a5e00a8115f9/8a401cd4081b4663813af0376208cded.png','','1','撒旦法s','否','1',NULL,NULL,NULL,NULL,'山东省地方','太原','','2017-02-20 16:53:41','','2017-02-20 16:53:41'),('b060845e34374f1bb7746c3141a4514b','','1',NULL,NULL,'A1',NULL,'','1','2','','1',NULL,NULL,NULL,NULL,NULL,'',NULL,'2017-02-06 09:31:11',NULL,'2017-02-06 09:31:11'),('b17ad396eaa841eeb327de520ffbff4d','','99383391a49d4a16b7b1a5e00a8115f9','b149eeefd4b64f928ab52d032e0b0e27','','C2','/tcimg/99383391a49d4a16b7b1a5e00a8115f9/31aacd3ca0ea4e30bdcd837e756d4685.png','撒旦法','1','撒旦法','山东的','2','2017-02-13 08:00:00','2017-02-25 08:00:00',NULL,NULL,'333','太原','','2017-02-20 16:39:53','','2017-02-20 16:41:28'),('b2e87f6a396747ad9fae821df33d68e5','','1','1','fbfl1','B2',NULL,'极差','1','几次\r\n','','2','2017-02-08 08:00:00','2017-02-24 08:00:00',5,'31.00','asfasf','太原',NULL,'2017-02-10 02:52:07',NULL,'2017-02-10 02:52:31'),('b454a07b670f4993a8ebb6e66bd6c4ba','','1',NULL,NULL,'D1',NULL,'','1','欠我钱','awd','1',NULL,NULL,NULL,NULL,NULL,'太原',NULL,'2017-02-08 15:16:35',NULL,'2017-02-08 15:16:35'),('b4c7d95255f84dd1a3e61c96d0e7f42a','','1',NULL,NULL,'B2',NULL,'1','1','1','','1',NULL,NULL,NULL,NULL,NULL,'太原',NULL,'2017-02-07 00:39:01',NULL,'2017-02-07 00:39:01'),('b793e7c8bb8844eab90d802f0b94da80','','99383391a49d4a16b7b1a5e00a8115f9','','','C1','/tcimg/99383391a49d4a16b7b1a5e00a8115f9/cd67e8f6b07a473dab3683c8689396fa.png','','1','萨法守法','阿斯顿发','1',NULL,NULL,NULL,NULL,'撒旦法','太原','','2017-02-20 17:00:43','','2017-02-20 17:00:43'),('b7cfa16d8405430892349b367ee79954','E1+2','1','1','','E1','','','1','','','2','2017-02-16 08:00:00','2017-02-24 08:00:00',NULL,NULL,'是打发斯蒂芬','太原','','2017-02-17 10:52:11','','2017-02-17 10:52:22'),('ba2e50c7201e4c6593f5395024807504','','99383391a49d4a16b7b1a5e00a8115f9','','','C1','/tcimg/99383391a49d4a16b7b1a5e00a8115f9/69d3f77b86fb4dddbb9b517a36417bd7.png','','1','撒的发生','收费的','1',NULL,NULL,NULL,NULL,'撒旦法','太原','','2017-02-20 17:11:34','','2017-02-20 17:11:34'),('bb57fd74ad6a45c1b08af8d460347aaa','',NULL,NULL,NULL,'A1',NULL,'','0','213123123','','1',NULL,NULL,NULL,NULL,NULL,'',NULL,'2017-02-06 00:09:38',NULL,'2017-02-06 00:09:38'),('bd9a0d5990024ca285eaef29dbbda601','','1',NULL,NULL,'C2','','123','1','123','','1',NULL,NULL,NULL,NULL,NULL,'太原',NULL,'2017-02-12 22:14:15',NULL,'2017-02-12 22:14:15'),('be012ba75d2945fea8badf423b238058','','1','1','','C2',NULL,'adw','1','daw','','2','2017-02-16 10:49:10','2017-02-23 10:48:35',NULL,NULL,'小店','太原',NULL,'2017-02-08 16:38:12',NULL,'2017-02-08 16:39:34'),('be5e171d49fc433f906359703eb6e220','','1',NULL,NULL,'A1',NULL,'','1','123213','','1',NULL,NULL,NULL,NULL,NULL,'',NULL,'2017-02-10 01:52:48',NULL,'2017-02-10 01:52:48'),('c15eefa1585d4b0b83a1d96f1ba3fbae','','99383391a49d4a16b7b1a5e00a8115f9','','','C1','/tcimg/99383391a49d4a16b7b1a5e00a8115f9/17da1a5807e4470f9180f6697903bf63.png','','1','的说法是','撒旦法','1',NULL,NULL,NULL,NULL,'多大的','太原','','2017-02-20 16:58:37','','2017-02-20 16:58:37'),('c1c7ec0bcff046079cea2cdcb42bdde9','','1',NULL,NULL,'A1',NULL,'','1','12','','1',NULL,NULL,NULL,NULL,NULL,'',NULL,'2017-02-06 09:18:06',NULL,'2017-02-06 09:18:06'),('c2b8cb4304fc4ae4983310fa4de2518b','','1',NULL,NULL,'A1',NULL,'','1','123213','123','1',NULL,NULL,NULL,NULL,NULL,'',NULL,'2017-02-10 01:53:03',NULL,'2017-02-10 01:53:03'),('c2cc4b5a3a334685a91740d11cbd452c','','1',NULL,NULL,'D1',NULL,'','1','群威群胆','大','1',NULL,NULL,NULL,NULL,NULL,'太原',NULL,'2017-02-08 16:16:21',NULL,'2017-02-08 16:16:21'),('c66509220a0b4f07aa7c10818a885393','','1','1','','F1','','','1','','','2','2017-02-17 08:00:00','2017-02-24 08:00:00',1,NULL,'尖草坪','太原','','2017-02-17 11:09:46','','2017-02-17 11:09:54'),('c665c35d090b4983a8439555b3dce8a9','','1',NULL,NULL,'C1','/tcimg/1/ba4b51e214d5481d9eef1d3ef9e1b298.jpg','','1','123','12312312313','2','2017-02-08 22:00:32','2017-02-24 22:00:35',NULL,NULL,'尖草坪','太原',NULL,'2017-02-12 21:57:51',NULL,'2017-02-12 21:57:51'),('c7c6b027c7af4c32a06b34aaf13d1754','','1','1','','D2','','123','1','123','123','2','2017-02-01 08:00:00','2017-02-21 08:00:00',NULL,NULL,'万柏林','太原',NULL,'2017-02-12 22:21:26',NULL,'2017-02-12 22:26:01'),('ca035e6186ea4872af79eed050d40223','','1',NULL,NULL,'A1',NULL,'','1','1','','1',NULL,NULL,NULL,NULL,NULL,'',NULL,'2017-02-08 09:58:44',NULL,'2017-02-08 09:58:44'),('cd19771301f3447e87d265bc2d9fb5a4','','99383391a49d4a16b7b1a5e00a8115f9','','','C1','/tcimg/99383391a49d4a16b7b1a5e00a8115f9/fc41df1cd4a9430abc3e4e927a0f52e9.png','','1','的观点','多个','1',NULL,NULL,NULL,NULL,'双方都分','太原','','2017-02-20 17:05:43','','2017-02-20 17:05:43'),('cd4c60d1b8864782a86b9fa7877bffb8','','99383391a49d4a16b7b1a5e00a8115f9','','','C2','/tcimg/99383391a49d4a16b7b1a5e00a8115f9/f2a49db468b345f893e18529a4354490.png','地方','1','撒的发生','','1',NULL,NULL,1,NULL,'多的','太原','','2017-02-20 16:50:33','','2017-02-20 16:50:33'),('cfe0335a740f44319ae7438cc50c7da3','','1','','','B2','','1231231','1','123','123123','1',NULL,NULL,NULL,NULL,NULL,'太原','','2017-02-13 17:00:36','','2017-02-13 17:00:36'),('d119072c1c57472baf52f300562a60c7','','1',NULL,NULL,'A1',NULL,'','0','12312312313123','','2',NULL,NULL,NULL,NULL,NULL,'',NULL,'2017-02-06 00:18:07',NULL,'2017-02-06 00:18:26'),('d775fdaf20ce43778063de613f4ee25e','','1',NULL,NULL,'A1',NULL,'','0','123','','1',NULL,NULL,NULL,NULL,NULL,'',NULL,'2017-02-06 00:25:00',NULL,'2017-02-06 00:25:00'),('d7dfca64a3ab44c380da806d76c175dd','','1','1','','','','','0','','','2','2017-02-01 08:00:00','2017-02-24 08:00:00',NULL,NULL,NULL,'','','2017-02-13 16:29:11','','2017-02-13 16:30:35'),('d800b94a2e8a4f12be4aace969f4155a','','1',NULL,NULL,'A1',NULL,'','1','12','','2',NULL,NULL,NULL,NULL,NULL,'',NULL,'2017-02-08 10:10:46',NULL,'2017-02-08 10:11:02'),('d99363bdc90c44cf8bdc6a12959c3cbd','','1','1','','F1','','','1','','','2','2017-02-16 08:00:00','2017-02-16 08:00:00',NULL,NULL,'杏花岭','太原','','2017-02-17 11:10:17','','2017-02-17 11:10:24'),('dd46140122574637865675d6260faebb','','1',NULL,NULL,'A1',NULL,'','1','123','','1',NULL,NULL,NULL,NULL,NULL,'',NULL,'2017-02-10 01:59:47',NULL,'2017-02-10 01:59:47'),('e07ba90ad6664858a71a01e13464e26a','','1',NULL,NULL,'C1',NULL,'','1','1231','','1',NULL,NULL,NULL,NULL,NULL,'太原',NULL,'2017-02-08 14:42:07',NULL,'2017-02-08 14:42:07'),('e100f67491f24b19bbbdb2ffa0d404a7','','1',NULL,NULL,'C2',NULL,'12','1','12','','1',NULL,NULL,NULL,NULL,NULL,'太原',NULL,'2017-02-07 00:46:48',NULL,'2017-02-07 00:46:48'),('e5a7f1cbc32149c79128cd7fafda051f','','1',NULL,NULL,'A1',NULL,'','1','123213','123','1',NULL,NULL,NULL,NULL,NULL,'',NULL,'2017-02-10 01:53:24',NULL,'2017-02-10 01:53:24'),('e8f3ba8477c54339868fa561a653165d','','99383391a49d4a16b7b1a5e00a8115f9','','','C1','/tcimg/99383391a49d4a16b7b1a5e00a8115f9/ef4793a0f63043779e173d1885aa17e4.png','','1','时发生地方','撒旦法','1','2017-02-16 08:00:00','2017-02-24 08:00:00',NULL,NULL,'杏花岭','太原','','2017-02-20 15:53:31','','2017-02-20 15:53:31'),('e96df53b4df64d67bc0f12c263ad73ec','','1',NULL,NULL,'C2',NULL,'12','1','123','','1',NULL,NULL,NULL,NULL,NULL,'太原',NULL,'2017-02-07 00:45:15',NULL,'2017-02-07 00:45:15'),('ece088da7fc644839fae58ccb822df81','','1','1','','E2','','撒旦法撒发','1','','','2','2017-02-17 08:00:00','2017-02-25 08:00:00',1,NULL,'硬着','太原','','2017-02-17 11:07:31','','2017-02-17 11:07:41'),('ef152f9ec3994f02b739d47cf0f25845','','1',NULL,NULL,'A1',NULL,'','1','123213','123','1',NULL,NULL,NULL,NULL,NULL,'',NULL,'2017-02-10 01:52:51',NULL,'2017-02-10 01:52:51'),('f172af71307e4b5cbce7dc5ac9ee61a3','','1',NULL,NULL,'A1',NULL,'','1','123','','1',NULL,NULL,NULL,NULL,NULL,'',NULL,'2017-02-06 09:18:42',NULL,'2017-02-06 09:18:42'),('f453b62c53c2489380402babc5833634','','1',NULL,NULL,'C1','/tcimg/1/ba4b51e214d5481d9eef1d3ef9e1b298.jpg','','1','123','12312312313','2','2017-02-07 22:00:24','2017-02-23 22:00:29',NULL,NULL,'杏花岭','太原',NULL,'2017-02-12 21:58:38',NULL,'2017-02-12 21:58:38'),('f46982975de142369dbd091d0ca2ee89','','1',NULL,'fbfl1','B2',NULL,'123','1','123123','123','2','2017-02-06 00:44:23','2017-02-24 08:00:00',4,'3.00','safaf','太原',NULL,'2017-02-07 00:43:34',NULL,'2017-02-07 00:43:48'),('f4c0ea70cf244394a74d5d82fdc20773','','1',NULL,NULL,'A1',NULL,'','1','1','','1',NULL,NULL,NULL,NULL,NULL,'',NULL,'2017-02-08 09:47:27',NULL,'2017-02-08 09:47:27'),('f6b049b3f6ae447da33dbf731247f1c5','','99383391a49d4a16b7b1a5e00a8115f9','','','C1','/tcimg/99383391a49d4a16b7b1a5e00a8115f9/b83bce7ba973464db560b87c9fb467f7.png','','1','撒的发生','撒旦法','1',NULL,NULL,NULL,NULL,'撒旦法','太原','','2017-02-20 17:20:51','','2017-02-20 17:20:51'),('f7b5f9373c984215bced9b7019d2ce7f','','1',NULL,NULL,'A1',NULL,'','0','1','','2',NULL,NULL,NULL,NULL,NULL,'',NULL,'2017-02-06 21:04:22',NULL,'2017-02-06 21:04:29'),('fa7c176ddb5f442c811a4750f68fca99','','1',NULL,NULL,'A1',NULL,'','1','12','12','1',NULL,NULL,NULL,NULL,NULL,'',NULL,'2017-02-10 02:43:04',NULL,'2017-02-10 02:43:04'),('fbea82bf5baa4651a042699edb8b48da','','1','1','','','','','0','','','2','2017-02-02 08:00:00','2017-02-16 08:00:00',NULL,NULL,NULL,'','','2017-02-13 16:32:09','','2017-02-13 16:32:25'),('fd5405f1cbab496dba9dc487d22bf93a','','1',NULL,NULL,'D1',NULL,'','1','全额去','','1',NULL,NULL,NULL,NULL,NULL,'太原',NULL,'2017-02-08 16:28:18',NULL,'2017-02-08 16:28:18'),('fde837778f434bb4928255a02fd15d6a','','1','1','','','','','0','','','2','2017-02-01 08:00:00','2017-02-24 08:00:00',NULL,NULL,NULL,'','','2017-02-13 16:37:47','','2017-02-13 16:38:34'),('fe50896b5d2042148bab2344ffd6839a','','1',NULL,NULL,'B2',NULL,'1','1','1','','1',NULL,NULL,NULL,NULL,NULL,'太原',NULL,'2017-02-07 00:38:45',NULL,'2017-02-07 00:38:45');

/*Table structure for table `tc_active_fee` */

DROP TABLE IF EXISTS `tc_active_fee`;

CREATE TABLE `tc_active_fee` (
  `id` char(32) NOT NULL COMMENT '发布资费',
  `act_type` char(10) DEFAULT NULL COMMENT '位置代码',
  `amount` decimal(10,2) DEFAULT NULL COMMENT '资费',
  `unit` char(10) DEFAULT NULL COMMENT '资费单位 day按天 month按月 year按年 free试用免费',
  PRIMARY KEY (`id`)
) ENGINE=InnoDB DEFAULT CHARSET=utf8 COMMENT='发布资费';

/*Data for the table `tc_active_fee` */

insert  into `tc_active_fee`(`id`,`act_type`,`amount`,`unit`) values ('1','A1','1.00','day'),('2','A2','2.00','year'),('26cf14859dbd4b6fa4ae722e822f041b','B1','19.00','day');

/*Table structure for table `tc_active_item` */

DROP TABLE IF EXISTS `tc_active_item`;

CREATE TABLE `tc_active_item` (
  `id` char(32) NOT NULL COMMENT '同城购商品详情',
  `item_pic` varchar(100) DEFAULT NULL COMMENT '商品图片',
  `list_price` decimal(10,2) DEFAULT NULL COMMENT '原价',
  `list_unit` char(10) DEFAULT NULL COMMENT '单位',
  `spe_price` decimal(10,2) DEFAULT NULL COMMENT '特价',
  `spe_unit` char(10) DEFAULT NULL COMMENT '单位',
  `start_time` datetime DEFAULT NULL COMMENT '开始时间',
  `end_time` datetime DEFAULT NULL COMMENT '结束时间',
  `remark` varchar(1000) DEFAULT NULL COMMENT '备注',
  `act_id` char(32) DEFAULT NULL COMMENT '模板id',
  `item_name` char(100) DEFAULT NULL COMMENT '品名',
  `cate_id` char(32) DEFAULT NULL COMMENT '商品关联分类id',
  `create_by` char(32) DEFAULT NULL COMMENT '创建人',
  `create_time` datetime DEFAULT NULL COMMENT '创建时间',
  `update_by` char(32) DEFAULT NULL COMMENT '更新人',
  `update_time` datetime DEFAULT NULL COMMENT '更新时间',
  PRIMARY KEY (`id`)
) ENGINE=InnoDB DEFAULT CHARSET=utf8 COMMENT='同城购商品详情';

/*Data for the table `tc_active_item` */

insert  into `tc_active_item`(`id`,`item_pic`,`list_price`,`list_unit`,`spe_price`,`spe_unit`,`start_time`,`end_time`,`remark`,`act_id`,`item_name`,`cate_id`,`create_by`,`create_time`,`update_by`,`update_time`) values ('029cb1f3e10e491fab4d812f70d8976f','/tcimg/99383391a49d4a16b7b1a5e00a8115f9/08ca7d8940b94b5fa258e0bc0169131a.png','55.00','55','66.00','66','2017-02-16 08:00:00','2017-02-23 08:00:00','','b793e7c8bb8844eab90d802f0b94da80','多的','2686d6f040164f73b64a685590e223dd','','2017-02-20 17:01:02','','2017-02-20 17:01:02'),('0473892c9b714c258fc52b50474671e8','/tcimg/99383391a49d4a16b7b1a5e00a8115f9/86aebd9a94404c019d91003ff349b4a5.png','8.00','8','9.00','9','2017-02-07 08:00:00','2017-02-24 08:00:00','','b17ad396eaa841eeb327de520ffbff4d','份饭','18225840cb0b4c64aec00c9c737b7d34','','2017-02-20 16:41:15','','2017-02-20 16:41:15'),('0d27b0b95315499da8c45a7b1863c411','/tcimg/99383391a49d4a16b7b1a5e00a8115f9/4861a49f6e2f4a6bb67926bfade73d7a.png','4.00','4','5.00','5','2017-02-13 08:00:00','2017-02-24 08:00:00','','cd4c60d1b8864782a86b9fa7877bffb8','多的','d54d99fc5aed4b57964985d2a33f3dd2','','2017-02-20 16:50:49','','2017-02-20 16:50:49'),('0e07119cdaee47cdb782530254261e4a','/tcimg/99383391a49d4a16b7b1a5e00a8115f9/304750e109174f7096611aa35bccc390.png','5.00','5','4.00','4','2017-02-13 08:00:00','2017-02-24 08:00:00','','05763ca1633b42319551d3f22b820304','杏花岭','7016ac39d95e4014a865fc04d8f43a85','','2017-02-20 16:21:22','','2017-02-20 16:21:22'),('0f5199ef7c484190b8ba75853bb828b9','/tcimg/99383391a49d4a16b7b1a5e00a8115f9/57555c17c5be4f3b92b0240688d41dee.png','3.00','3','2.00','2','2017-02-20 08:00:00','2017-02-23 08:00:00','','a6689d2175c34363a9f18bdf0e3dfcc2','撒旦法大是','7306a351b12d40919212c1c3d14b8e2c','','2017-02-20 16:29:07','','2017-02-20 16:29:07'),('1','/tcimg/1.jpg','1.00','1','1.00','1',NULL,NULL,NULL,'2',NULL,'1',NULL,'2017-02-08 16:28:42',NULL,NULL),('1559a56196a94f9bb73884396254779b','/tcimg/99383391a49d4a16b7b1a5e00a8115f9/51eec664539e45999ca134936a1e10b5.png','6.00','6','5.00','5','2017-02-13 08:00:00','2017-02-23 08:00:00','','05763ca1633b42319551d3f22b820304','杏花岭','7016ac39d95e4014a865fc04d8f43a85','','2017-02-20 16:21:56','','2017-02-20 16:21:56'),('2','/tcimg/1.jpg','1.00','1','1.00','1',NULL,NULL,NULL,'2',NULL,'1',NULL,'2017-02-08 16:28:42',NULL,NULL),('2dc8990f1178434e95328ed5ad53d900','/tcimg/99383391a49d4a16b7b1a5e00a8115f9/9b66c569d580413c80f188a4e2d3968d.png','4.00','斤','3.00','斤','2017-02-14 08:00:00','2017-02-24 08:00:00','','e8f3ba8477c54339868fa561a653165d','苹果','8881f81783f342618c6e95a46c17067b','','2017-02-20 15:54:04','','2017-02-20 15:54:04'),('3','/tcimg/1.jpg','1.00','1','1.00','1',NULL,NULL,NULL,'2',NULL,'2',NULL,'2017-02-08 16:28:42',NULL,NULL),('361a7bd1fa2e48a5a3a99ebef6ed02b6','/tcimg/99383391a49d4a16b7b1a5e00a8115f9/a65d17ea78154eb7b66b5000956e2da5.png','4.00','4','5.00','5','2017-02-14 08:00:00','2017-02-14 08:00:00','','a2fb0f6ec50d4f7c8e5297fedcd14bf5','多的','1b650301800f4d3697bab333064f9f04','','2017-02-20 17:16:20','','2017-02-20 17:16:20'),('36f750b208054d87a156ec0e7520e102','/tcimg/99383391a49d4a16b7b1a5e00a8115f9/f21e3d917fa84798be6b7b12f0f6ddcb.png','5.00','5','5.00','5','2017-02-20 08:00:00','2017-02-24 08:00:00','','76770303c10e462eab60fa7168110034','苹果的','b8bef10736224d2f8caec386f1eec61f','','2017-02-20 16:06:02','','2017-02-20 16:06:02'),('3877e81e800d425e8ad3b48aa1a8e1e4','/tcimg/99383391a49d4a16b7b1a5e00a8115f9/40c3239ba6e24a1d8207cad5482b736e.png','4.00','4','3.00','3','2017-02-13 08:00:00','2017-02-23 08:00:00','','a6689d2175c34363a9f18bdf0e3dfcc2','省道','6f4db3ce79384cf9a4af95facda5bf92','','2017-02-20 16:29:41','','2017-02-20 16:29:41'),('39a1b1afb09e47aea3ec673d59ab59b9','/tcimg/99383391a49d4a16b7b1a5e00a8115f9/f1a987f3ee6d4dc6918b9f81891e1809.png','4.00','斤','3.00','斤','2017-02-14 08:00:00','2017-02-21 08:00:00','','6e9580079d644886abea530eb0342636','香蕉','041343fc1f47454c949064850044286f','','2017-02-20 16:16:42','','2017-02-20 16:16:42'),('3e1a4d1c36ee4e95b9cfd261e772602f',NULL,'123.00','123','123.00','123','2017-02-01 08:00:00','2017-02-08 08:00:00','123123123123123','fd5405f1cbab496dba9dc487d22bf93a','123','f1b6d32723b14130bd9aac3a3944c3d5',NULL,'2017-02-08 16:28:42',NULL,'2017-02-08 16:28:42'),('4','/tcimg/1.jpg','1.00','1','1.00','1',NULL,NULL,NULL,'2',NULL,'2',NULL,'2017-02-08 16:28:42',NULL,NULL),('42053aa2734a4c8785c1ae46fe7a25b7','/tcimg/99383391a49d4a16b7b1a5e00a8115f9/3f3c2b6b937b4a64970af0bcfb5c6a57.png','555.00','55','55.00','55','2017-02-15 08:00:00','2017-02-23 08:00:00','','447b7a25e51d4fb5b8a3287e54961e1b','sf','8359fb65f6f344759ecd9db547bc9d49','','2017-02-20 17:29:08','','2017-02-20 17:29:08'),('494771dac1964bfa96e5d19c30c34120','/tcimg/99383391a49d4a16b7b1a5e00a8115f9/a505c69d9f72426385d183ebb902cf9f.png','44.00','4','4.00','4','2017-02-13 08:00:00','2017-02-23 08:00:00','','a751a51c89624d52a0d8c93d9b910110','撒的发生','31ea49fe5f964d558cc2a4e4676f70fe','','2017-02-20 17:03:41','','2017-02-20 17:03:41'),('4fe56ee28a2444c084d37dde33e70ec9','/tcimg/99383391a49d4a16b7b1a5e00a8115f9/e3100e7075f447a486a583d69171a4cf.png','4.00','4','3.00','3','2017-02-13 08:00:00','2017-02-23 08:00:00','','af83c471bba74e41806077ff4221dd25','多的','f33027ce78854f52bdccaa15d7d6e8c5','','2017-02-20 16:54:18','','2017-02-20 16:54:18'),('5','/tcimg/1.jpg','1.00','1','1.00','1',NULL,NULL,NULL,'2',NULL,'2',NULL,'2017-02-08 16:28:42',NULL,NULL),('631549fca77d49e8b86a71cce9253222',NULL,NULL,'',NULL,'',NULL,NULL,'','2a392693d1994411b2104d8d633bdaf0','','57460cce0db84e4c97590f9bb632b399',NULL,'2017-02-08 16:31:23',NULL,'2017-02-08 16:31:23'),('80774276ea514699a088209921c8b313',NULL,'123.00','123','123.00','123','2017-10-08 08:00:00','2017-02-07 08:00:00','123','be012ba75d2945fea8badf423b238058','123','ea03d9c4d64c4358a3f38d423fb6f244',NULL,'2017-02-08 16:38:39',NULL,'2017-02-08 16:38:39'),('8afebd8bc7ca4d998c6c1de6ee1c89a8','/tcimg/1/7fbaf56cd7334c2bbfa3fb9c438e188c.jpg','123.00','123','123.00','123','2017-02-01 08:00:00','2017-02-17 08:00:00','','c665c35d090b4983a8439555b3dce8a9','123','cce3065b3726449eae66f30b2317cd53',NULL,'2017-02-12 21:58:22',NULL,'2017-02-12 21:58:22'),('a5e06cdf24d44b47bffcec86723a9cb6','/tcimg/99383391a49d4a16b7b1a5e00a8115f9/738ca28be4164bb8b7e59b023a6ae6f6.png','6.00','6','7.00','7','2017-02-20 08:00:00','2017-02-21 08:00:00','','a6689d2175c34363a9f18bdf0e3dfcc2','撒的发生','6f4db3ce79384cf9a4af95facda5bf92','','2017-02-20 16:31:04','','2017-02-20 16:31:04'),('a83491a402084c56bd25e1861e6dce49','/tcimg/99383391a49d4a16b7b1a5e00a8115f9/1deb1b6a369f4e229d6d126ebcce2d42.png','4.00','4','3.00','3','2017-02-13 08:00:00','2017-02-24 08:00:00','','b17ad396eaa841eeb327de520ffbff4d','多大的','2f5464c002c6442f9065e56cb9ba6816','','2017-02-20 16:40:11','','2017-02-20 16:40:11'),('a9ad501c21054ae2a27d68466fe37d1d','/tcimg/99383391a49d4a16b7b1a5e00a8115f9/2d3f3f16adc44ca7bb9b130a5736efd3.png','4.00','4','6.00','6','2017-02-14 08:00:00','2017-02-23 08:00:00','','c15eefa1585d4b0b83a1d96f1ba3fbae','多的','6a637e3901a6417b990cb6950f739ad3','','2017-02-20 16:58:59','','2017-02-20 16:58:59'),('b04422af8ce447a8a72071c4fcbd2a5d','/tcimg/99383391a49d4a16b7b1a5e00a8115f9/719120cbc9724f73abc6c6404c2f6616.png','4.00','斤','2.00','斤','2017-02-13 08:00:00','2017-02-23 08:00:00','','a1c6e4ed5b9f4ec9ae4c3e177d91bb94','梨','9ce8509f15f145e0a3af3a6460326cf2','','2017-02-20 15:48:35','','2017-02-20 15:48:35'),('b9d3f4791dbb4faba1374216e1f7dfed',NULL,'123.00','123','123.00','123','2017-10-08 08:00:00','2017-02-07 08:00:00','123','be012ba75d2945fea8badf423b238058','123','ea03d9c4d64c4358a3f38d423fb6f244',NULL,'2017-02-08 16:39:19',NULL,'2017-02-08 16:39:19'),('be5126f0fc134f249bac4dda8f07aaa3','/tcimg/99383391a49d4a16b7b1a5e00a8115f9/07fe0f1278374ff19570f491de4b1c84.png','3.00','3','2.00','2','2017-02-07 08:00:00','2017-02-28 08:00:00','','e8f3ba8477c54339868fa561a653165d','是的发送到','34226a08c0df4c8f98bb47f398947c9d','','2017-02-20 15:55:20','','2017-02-20 15:55:20'),('c5a704d827e4497c920a0babcf25fdad','/tcimg/99383391a49d4a16b7b1a5e00a8115f9/cebdb0a49fa943f08edf0de8cb83f444.png','66.00','4rr','5.00','5','2017-02-07 08:00:00','2017-02-28 08:00:00','','447b7a25e51d4fb5b8a3287e54961e1b','dd','8359fb65f6f344759ecd9db547bc9d49','','2017-02-20 17:26:58','','2017-02-20 17:28:50'),('cc6d1b7e365649839c22119b4c91d9a2',NULL,'123.00','123','123.00','123','2017-02-01 08:00:00','2017-02-08 08:00:00','123123123123123','fd5405f1cbab496dba9dc487d22bf93a','123','f1b6d32723b14130bd9aac3a3944c3d5',NULL,'2017-02-08 16:28:58',NULL,'2017-02-08 16:28:58'),('d0e115d4f4614de6a0c645600a51e293','/tcimg/99383391a49d4a16b7b1a5e00a8115f9/44f87ff7fcc04567a24780ab83b9016f.png','6.00','6','5.00','5','2017-02-13 08:00:00','2017-02-24 08:00:00','','b17ad396eaa841eeb327de520ffbff4d','多发点','2f5464c002c6442f9065e56cb9ba6816','','2017-02-20 16:40:29','','2017-02-20 16:40:29'),('d42d139085874cb3adbb33eeda3fe348','/tcimg/99383391a49d4a16b7b1a5e00a8115f9/f769ff5e1c404600bcde79df67d14b9c.png','6.00','6','6.00','6','2017-02-07 08:00:00','2017-02-06 08:00:00','','cd19771301f3447e87d265bc2d9fb5a4','多个','f820c1b8133146059e9761082aa47784','','2017-02-20 17:06:23','','2017-02-20 17:06:23'),('dd5b5d4efafb4fa2a5d68e794acbdded','','123.00','1','123.00','1','2017-02-07 08:00:00','2017-02-17 08:00:00','','c7c6b027c7af4c32a06b34aaf13d1754','123','f9c6d7d186644bf7a31da01164ea7db6',NULL,'2017-02-12 22:25:47',NULL,'2017-02-12 22:25:47'),('df2d69986fb74befa89f0e6bf31059f3','/tcimg/99383391a49d4a16b7b1a5e00a8115f9/9aa40a9dd8d744018bf9855643390e17.png','5.00','5','8.00','8','2017-02-15 08:00:00','2017-02-24 08:00:00','','b17ad396eaa841eeb327de520ffbff4d','多的','18225840cb0b4c64aec00c9c737b7d34','','2017-02-20 16:40:57','','2017-02-20 16:40:57'),('e2e791d2e2434654bed325bf8872af8c','/tcimg/1/e1fe19d5c5de403cbf72a543f9a11d35.jpg','123.00','',NULL,'','2017-02-01 08:00:00','2017-02-17 08:00:00','','f453b62c53c2489380402babc5833634','12312312','8554bebbf550495d9b77bea969e0e60a',NULL,'2017-02-12 21:58:55',NULL,'2017-02-12 21:58:55'),('e9b2924698a141f2a76938906cfab11a','/tcimg/99383391a49d4a16b7b1a5e00a8115f9/931069e4c4d0486fbaf9207683119f92.png','4.00','4','4.00','4','2017-02-13 08:00:00','2017-02-23 08:00:00','','0ce0e7f911804b59b9ff9cfa2540a0fc','撒旦法','8484dfedad1848deb3f1564c899b0760','','2017-02-20 17:15:10','','2017-02-20 17:15:10'),('ee6a6583f9e547d08259b6053854c0fe','/tcimg/99383391a49d4a16b7b1a5e00a8115f9/4e309b97c6394b71aa34162389ac72fd.png','6.00','4','6.00','6','2017-02-13 08:00:00','2017-02-04 08:00:00','','f6b049b3f6ae447da33dbf731247f1c5','ddf','e71066f38e8d47398cf7553e1c0bbb30','','2017-02-20 17:21:57','','2017-02-20 17:21:57');

/*Table structure for table `tc_active_log` */

DROP TABLE IF EXISTS `tc_active_log`;

CREATE TABLE `tc_active_log` (
  `id` char(32) NOT NULL COMMENT '同城购操作日志',
  `user_id` char(32) DEFAULT NULL COMMENT '用户id',
  `content` varchar(500) DEFAULT NULL COMMENT '操作内容',
  `act_id` char(32) DEFAULT NULL COMMENT '活动id',
  `from_act_id` char(1) DEFAULT NULL COMMENT '推送原actId',
  `log_type` char(1) DEFAULT NULL COMMENT '操作日志类型 0 浏览 1关注 2分享 3重复 4水贴 5推送 6推广',
  `create_by` char(32) DEFAULT NULL COMMENT '创建人',
  `create_time` datetime DEFAULT NULL COMMENT '创建时间',
  `update_by` char(32) DEFAULT NULL COMMENT '更新人',
  `update_time` datetime DEFAULT NULL COMMENT '更新时间',
  PRIMARY KEY (`id`)
) ENGINE=InnoDB DEFAULT CHARSET=utf8 COMMENT='同城购操作日志';

/*Data for the table `tc_active_log` */

insert  into `tc_active_log`(`id`,`user_id`,`content`,`act_id`,`from_act_id`,`log_type`,`create_by`,`create_time`,`update_by`,`update_time`) values ('068a15b2b9ab49c39dcea5aa9daf664e','null','浏览','f46982975de142369dbd091d0ca2ee89',NULL,'0',NULL,'2017-02-20 11:26:21',NULL,NULL),('0d72a51bf69b4c3d9fbebd92ab561102','1','关注','2',NULL,'1',NULL,'2017-02-07 16:39:07',NULL,NULL),('20f08dcebd37439aa329fc094a994e2b','1','浏览','1',NULL,'0',NULL,'2017-02-16 17:24:25',NULL,NULL),('2c30cf04b0a7443e8eef578f4a474b93','1','重复','2',NULL,'3',NULL,'2017-02-07 16:41:13',NULL,NULL),('39adcf299b2b4aa6a598a7e5de26c74e','1','取消关注','1',NULL,'7',NULL,'2017-02-17 17:07:44',NULL,NULL),('3a9f8fa591b94d9294eaed369f1655b5','null','浏览','true',NULL,'0',NULL,'2017-02-08 15:36:18',NULL,NULL),('4ac6caff787f4303914f78c293a62f23','null','关注','b2e87f6a396747ad9fae821df33d68e5',NULL,'1',NULL,'2017-02-20 09:40:43',NULL,NULL),('4cbff69ba574461197dcbae94a1cceb0','1','浏览','null',NULL,'0',NULL,'2017-02-17 11:09:57',NULL,NULL),('58f0a6cebda446b58d364d63ace94f46','1','浏览','48e2ba200d9a457eac0f5008fc72e702',NULL,'0',NULL,'2017-02-12 22:48:38',NULL,NULL),('5d4f740b29fb493697fdc6dbfc2d52e1','null','分享','b2e87f6a396747ad9fae821df33d68e5',NULL,'2',NULL,'2017-02-20 09:40:41',NULL,NULL),('6435979e1f604b6f909a34039f6d0b1e','99383391a49d4a16b7b1a5e00a8115f9','浏览','ac05b1f8508844e8bc8a76232aaefc39',NULL,'0',NULL,'2017-02-20 15:19:02',NULL,NULL),('715df52c89fa41b1b56c21da7b479681','1','浏览','c66509220a0b4f07aa7c10818a885393',NULL,'0',NULL,'2017-02-20 10:55:04',NULL,NULL),('82fb391293a542028a1758f43335b8e4','1','浏览','8b983bf32e734b05ba20cc94c9a676c8',NULL,'0',NULL,'2017-02-13 10:41:16',NULL,NULL),('88255b86572b4d658ab353dd24a14c9a','null','浏览','3',NULL,'0',NULL,'2017-02-20 09:41:15',NULL,NULL),('8b32c290695f4501a7998e9f1ef0c26d','1','分享','2',NULL,'2',NULL,'2017-02-07 16:40:25',NULL,NULL),('91591b1f7f674cdfb9d86edd8c884923','1','水贴','2',NULL,'4',NULL,'2017-02-07 16:41:18',NULL,NULL),('95c663a69f4c4588897c485baf737306','1','取消关注','b2e87f6a396747ad9fae821df33d68e5',NULL,'7',NULL,'2017-02-17 17:31:58',NULL,NULL),('9c2c555acecc429a9534cb8216ac6260','1','取消关注','2',NULL,'7',NULL,'2017-02-17 17:02:43',NULL,NULL),('9e147526e5bd4522b311bd31cc183f6a','null','关注','3',NULL,'1',NULL,'2017-02-20 09:41:18',NULL,NULL),('9f32eedd69a94a7cba4ad3c2af54a161','1','浏览','2',NULL,'0',NULL,'2017-02-07 16:38:34',NULL,NULL),('a86d56aece694414ab1e70f9a045f405','1','取消关注','',NULL,'7',NULL,'2017-02-17 17:06:29',NULL,NULL),('b91526f3a7e0449085c912fd8c59cc8b','1','取消关注','3',NULL,'7',NULL,'2017-02-17 17:02:38',NULL,NULL),('bb56621213554ff2a4f0508124cd83f7','1','关注','b2e87f6a396747ad9fae821df33d68e5',NULL,'1',NULL,'2017-02-10 02:52:49',NULL,NULL),('c97e38e9cf3344dd9bf51bba2fea7e61','null','水贴','b2e87f6a396747ad9fae821df33d68e5',NULL,'4',NULL,'2017-02-20 09:40:38',NULL,NULL),('d4ef1db4f78b4c36989125429c0b446d','1','关注','b2e87f6a396747ad9fae821df33d68e5',NULL,'1',NULL,'2017-02-20 09:42:13',NULL,NULL),('d6a9cc94149e400d91483b6b686a0495','null','浏览','b2e87f6a396747ad9fae821df33d68e5',NULL,'0',NULL,'2017-02-20 09:38:44',NULL,NULL),('db488e2aff5f454aafdb7e60d7a4ce67','1','浏览','752d4f38cfe549df9dbbd9cd4469c971',NULL,'0',NULL,'2017-02-20 10:53:57',NULL,NULL),('dfc93f5a4f0b479babc6e0d0af79a2d0','1','浏览','ece088da7fc644839fae58ccb822df81',NULL,'0',NULL,'2017-02-20 10:46:24',NULL,NULL),('e6ad45aed9c8465e81c45b6c19328938','','浏览','f46982975de142369dbd091d0ca2ee89',NULL,'0',NULL,'2017-02-17 17:29:35',NULL,NULL),('e9f769bb21c94dcdb25fd8457515efd2','99383391a49d4a16b7b1a5e00a8115f9','浏览','cd4c60d1b8864782a86b9fa7877bffb8',NULL,'0',NULL,'2017-02-20 16:53:14',NULL,NULL),('ea5853cadf8a4be58cbec99f27156618','1','浏览','2eecfb4b65044cbe9c2a8c1039be096f',NULL,'0',NULL,'2017-02-13 17:01:41',NULL,NULL),('eee7e587cdd942bfb7872b4a68a030fe','1','浏览','3f0631f77cf74d9cab397f2a7443da2a',NULL,'0',NULL,'2017-02-13 17:01:46',NULL,NULL),('f26f19ac1ad341a481ef722e11989e1b','1','浏览','3',NULL,'0',NULL,'2017-02-07 16:38:47',NULL,NULL),('f3f52d9f51054afbb6d8f1df67a9ec41','1','浏览','b2e87f6a396747ad9fae821df33d68e5',NULL,'0',NULL,'2017-02-10 02:52:43',NULL,NULL),('f92ee5d919bb47f4b9cb161a6b3a7a04','1','关注','3',NULL,'1',NULL,'2017-02-17 17:34:38',NULL,NULL),('ff2e4277f8ef47be9748c40ca91ce7a6','1','取消关注','b2e87f6a396747ad9fae821df33d68e5',NULL,'7',NULL,'2017-02-20 09:43:09',NULL,NULL);

/*Table structure for table `tc_category` */

DROP TABLE IF EXISTS `tc_category`;

CREATE TABLE `tc_category` (
  `id` char(32) NOT NULL COMMENT '分类id',
  `cate_name` varchar(255) DEFAULT NULL COMMENT '分类名称',
  `pid` char(32) DEFAULT NULL COMMENT '父id',
  `pids` char(100) DEFAULT NULL COMMENT '父id集合 层级 “,”分割',
  `cate_level` int(11) DEFAULT '0' COMMENT '第几层级',
  `sort` int(11) DEFAULT NULL COMMENT '排序',
  `remark` varchar(255) DEFAULT NULL COMMENT '备注',
  `state` char(1) DEFAULT NULL COMMENT '状态 0删除 1启用 2禁用',
  `create_by` char(32) DEFAULT NULL COMMENT '创建人',
  `create_time` datetime DEFAULT NULL COMMENT '创建时间',
  `update_by` char(32) DEFAULT NULL COMMENT '更新人',
  `update_time` datetime DEFAULT NULL COMMENT '更新时间',
  PRIMARY KEY (`id`)
) ENGINE=InnoDB DEFAULT CHARSET=utf8 COMMENT='文章分类';

/*Data for the table `tc_category` */

insert  into `tc_category`(`id`,`cate_name`,`pid`,`pids`,`cate_level`,`sort`,`remark`,`state`,`create_by`,`create_time`,`update_by`,`update_time`) values ('1','模块分类','0','0',1,1,'','1',NULL,'2017-02-17 11:48:57',NULL,'2017-02-17 11:48:57'),('2','活动分类','0','0',1,2,'','1',NULL,'2017-02-17 11:48:48',NULL,'2017-02-17 11:48:48'),('2799c7efdbf14a358a0fe8a4974c3e7c','婴孕','1','1',1,2,'婴孕','1','1','2017-01-21 23:54:24','1','2017-01-21 23:54:24'),('50b5bdce2be6474fa6af8c45c0100d40','房产','1','1',1,4,'房产','1','1','2017-01-21 23:54:39','1','2017-01-21 23:54:39'),('e2646bdb82084f9ba45bdd1caee3d5c2','车辆','1','1',1,3,'车辆','1','1','2017-01-21 23:54:33','1','2017-01-21 23:54:33'),('e491125b2f8941f186c1d01d32c86800','超市','1','1',1,1,'超市','1','1','2017-01-21 23:53:55','1','2017-01-21 23:53:55'),('fbfl1','服装','2','2',2,1,NULL,'1','1',NULL,NULL,NULL),('fbfl2','金银','2','2',2,2,NULL,'1','1',NULL,NULL,NULL);

/*Table structure for table `tc_feedback` */

DROP TABLE IF EXISTS `tc_feedback`;

CREATE TABLE `tc_feedback` (
  `id` char(32) NOT NULL COMMENT '问题反馈',
  `user_name` char(32) DEFAULT NULL COMMENT '姓名',
  `method` char(50) DEFAULT NULL COMMENT '联系方式',
  `content` varchar(2000) DEFAULT NULL COMMENT '消息内容',
  `create_time` datetime DEFAULT NULL COMMENT '创建时间',
  PRIMARY KEY (`id`)
) ENGINE=InnoDB DEFAULT CHARSET=utf8 COMMENT='问题反馈';

/*Data for the table `tc_feedback` */

insert  into `tc_feedback`(`id`,`user_name`,`method`,`content`,`create_time`) values ('1','1','1','1','2017-02-19 12:46:02'),('2','测试','12131','不不知道不知道不知道不知道不知道不知道不知道不知道不知道知道','2017-02-21 12:48:54');

/*Table structure for table `tc_item_cate` */

DROP TABLE IF EXISTS `tc_item_cate`;

CREATE TABLE `tc_item_cate` (
  `id` char(32) NOT NULL COMMENT '同城购商品关联分类',
  `cate_name` varchar(100) DEFAULT NULL COMMENT '分类名称',
  `act_id` char(32) DEFAULT NULL COMMENT '模板id',
  `create_by` char(32) DEFAULT NULL COMMENT '创建人',
  `create_time` datetime DEFAULT NULL COMMENT '创建时间',
  `update_by` char(32) DEFAULT NULL COMMENT '更新人',
  `update_time` datetime DEFAULT NULL COMMENT '更新时间',
  PRIMARY KEY (`id`)
) ENGINE=InnoDB DEFAULT CHARSET=utf8 COMMENT='同城购商品关联分类';

/*Data for the table `tc_item_cate` */

insert  into `tc_item_cate`(`id`,`cate_name`,`act_id`,`create_by`,`create_time`,`update_by`,`update_time`) values ('041343fc1f47454c949064850044286f','水果','6e9580079d644886abea530eb0342636','','2017-02-20 16:16:13','','2017-02-20 16:16:13'),('07abb70a15ae466aa3eb771e58b30a9d',NULL,'4e841110ef4c4fa6938fec20aa037c4a',NULL,'2017-02-08 16:26:44',NULL,'2017-02-08 16:26:44'),('1','分类1','2',NULL,NULL,NULL,NULL),('18225840cb0b4c64aec00c9c737b7d34','c','b17ad396eaa841eeb327de520ffbff4d','','2017-02-20 16:40:38','','2017-02-20 16:40:38'),('18632b5943864c87aa2a8ce44b3ff71f',NULL,'4e841110ef4c4fa6938fec20aa037c4a',NULL,'2017-02-08 16:26:37',NULL,'2017-02-08 16:26:37'),('1b650301800f4d3697bab333064f9f04','的','a2fb0f6ec50d4f7c8e5297fedcd14bf5','','2017-02-20 17:16:06','','2017-02-20 17:16:06'),('2','分类2','2',NULL,NULL,NULL,NULL),('2631d0b183b74985a9bc8ad67c92d42e','水果','430b3ad7d2fe49ebad903a4e96bcb3b8','','2017-02-20 15:37:23','','2017-02-20 15:37:23'),('2686d6f040164f73b64a685590e223dd','多的','b793e7c8bb8844eab90d802f0b94da80','','2017-02-20 17:00:46','','2017-02-20 17:00:46'),('2be55264dff241db8b230ddfb4cb369a','åç±»','325c580e90a2448782d12087bf0050f7',NULL,'2017-02-12 22:08:51',NULL,'2017-02-12 22:08:51'),('2f5464c002c6442f9065e56cb9ba6816','d','b17ad396eaa841eeb327de520ffbff4d','','2017-02-20 16:39:58','','2017-02-20 16:39:58'),('301ae13cf79e4fe9b16566eb932ce954','dsfsd','41dc2ef53f974200b3798e3970cd51b3','','2017-02-17 15:41:53','','2017-02-17 15:41:53'),('31ea49fe5f964d558cc2a4e4676f70fe','的','a751a51c89624d52a0d8c93d9b910110','','2017-02-20 17:03:25','','2017-02-20 17:03:25'),('34226a08c0df4c8f98bb47f398947c9d','水果','e8f3ba8477c54339868fa561a653165d','','2017-02-20 15:55:06','','2017-02-20 15:55:06'),('44658f68f3e84ed2970a4a717c63d38e','蔬菜','e8f3ba8477c54339868fa561a653165d','','2017-02-20 15:56:07','','2017-02-20 15:56:07'),('47cce2f29732496fb4cf32af0f712b5a',NULL,'4e841110ef4c4fa6938fec20aa037c4a',NULL,'2017-02-08 16:26:13',NULL,'2017-02-08 16:26:13'),('57460cce0db84e4c97590f9bb632b399',NULL,'2a392693d1994411b2104d8d633bdaf0',NULL,'2017-02-08 16:29:59',NULL,'2017-02-08 16:29:59'),('63f9abc6653d4a669544a2691730f009',NULL,'fd5405f1cbab496dba9dc487d22bf93a',NULL,'2017-02-08 16:28:33',NULL,'2017-02-08 16:28:33'),('6a637e3901a6417b990cb6950f739ad3','多的','c15eefa1585d4b0b83a1d96f1ba3fbae','','2017-02-20 16:58:41','','2017-02-20 16:58:41'),('6f4db3ce79384cf9a4af95facda5bf92','','a6689d2175c34363a9f18bdf0e3dfcc2','','2017-02-20 16:29:24','','2017-02-20 16:35:10'),('7016ac39d95e4014a865fc04d8f43a85','','05763ca1633b42319551d3f22b820304','','2017-02-20 16:21:01','','2017-02-20 16:26:30'),('7306a351b12d40919212c1c3d14b8e2c','是','a6689d2175c34363a9f18bdf0e3dfcc2','','2017-02-20 16:28:50','','2017-02-20 16:28:50'),('770291167eb6466eaea01214548213ca','e','447b7a25e51d4fb5b8a3287e54961e1b','','2017-02-20 17:29:16','','2017-02-20 17:29:16'),('7e4e3707d4a84840b770ce73bb88822b',NULL,NULL,NULL,'2017-02-08 16:34:26',NULL,'2017-02-08 16:34:26'),('8359fb65f6f344759ecd9db547bc9d49','d ','447b7a25e51d4fb5b8a3287e54961e1b','','2017-02-20 17:26:43','','2017-02-20 17:26:43'),('8484dfedad1848deb3f1564c899b0760','的','0ce0e7f911804b59b9ff9cfa2540a0fc','','2017-02-20 17:14:14','','2017-02-20 17:14:14'),('8554bebbf550495d9b77bea969e0e60a','å ','f453b62c53c2489380402babc5833634',NULL,'2017-02-12 21:58:44',NULL,'2017-02-12 21:58:44'),('8881f81783f342618c6e95a46c17067b','水果','e8f3ba8477c54339868fa561a653165d','','2017-02-20 15:53:37','','2017-02-20 15:53:37'),('8fb3bbfc657048aa9934f773eafb7156',NULL,NULL,NULL,'2017-02-12 22:13:04',NULL,'2017-02-12 22:13:04'),('912cfa1bfd6343a19499ad751aadb023',NULL,'2a392693d1994411b2104d8d633bdaf0',NULL,'2017-02-08 16:33:07',NULL,'2017-02-08 16:32:56'),('947848a96a204ff28b4b3e368ae1dadd','水果','ecd5f1ae69e64d0f95c102ba0612b4c2','','2017-02-20 15:21:06','','2017-02-20 15:21:06'),('96ad94e4751d4327b330f58efd5d5577','åç±»2222222222','c7c6b027c7af4c32a06b34aaf13d1754',NULL,'2017-02-12 22:21:31',NULL,'2017-02-12 22:21:31'),('9ce8509f15f145e0a3af3a6460326cf2','水果','a1c6e4ed5b9f4ec9ae4c3e177d91bb94','','2017-02-20 15:48:07','','2017-02-20 15:48:07'),('aa060e2a90dd4c40b032dc4a0136f9ba','水果','a1c6e4ed5b9f4ec9ae4c3e177d91bb94','','2017-02-20 15:41:52','','2017-02-20 15:41:52'),('ab85a3e1c90442f089a1bbd805903b15',NULL,'c2cc4b5a3a334685a91740d11cbd452c',NULL,'2017-02-08 16:16:33',NULL,'2017-02-08 16:16:33'),('b8bef10736224d2f8caec386f1eec61f','水果','76770303c10e462eab60fa7168110034','','2017-02-20 16:05:44','','2017-02-20 16:05:44'),('cce3065b3726449eae66f30b2317cd53','åç±»1','c665c35d090b4983a8439555b3dce8a9',NULL,'2017-02-12 21:57:59',NULL,'2017-02-12 21:57:59'),('cf021e0c3b2649519939fb028e78e644','水果','1ae4029e779c4be7a529b75a352ba273','','2017-02-20 15:40:23','','2017-02-20 15:40:23'),('d242553d64284f9ea6c577ffb7c0e611','åç±»','325c580e90a2448782d12087bf0050f7',NULL,'2017-02-12 22:02:02',NULL,'2017-02-12 22:02:02'),('d54d99fc5aed4b57964985d2a33f3dd2','多的','cd4c60d1b8864782a86b9fa7877bffb8','','2017-02-20 16:50:36','','2017-02-20 16:50:36'),('e2034f70607e4d309b4e96bb912dcda6','水果','98792fddfa584b00a708f269e4507f05','','2017-02-20 16:03:20','','2017-02-20 16:03:20'),('e71066f38e8d47398cf7553e1c0bbb30','的','f6b049b3f6ae447da33dbf731247f1c5','','2017-02-20 17:20:53','','2017-02-20 17:20:53'),('ea03d9c4d64c4358a3f38d423fb6f244','dwawad','be012ba75d2945fea8badf423b238058',NULL,'2017-02-08 16:38:27',NULL,'2017-02-08 16:38:27'),('f1b6d32723b14130bd9aac3a3944c3d5',NULL,'fd5405f1cbab496dba9dc487d22bf93a',NULL,'2017-02-08 16:28:21',NULL,'2017-02-08 16:28:21'),('f33027ce78854f52bdccaa15d7d6e8c5','多的','af83c471bba74e41806077ff4221dd25','','2017-02-20 16:53:43','','2017-02-20 16:53:43'),('f820c1b8133146059e9761082aa47784','否','cd19771301f3447e87d265bc2d9fb5a4','','2017-02-20 17:05:46','','2017-02-20 17:05:46'),('f9c6d7d186644bf7a31da01164ea7db6','分类2222222222','c7c6b027c7af4c32a06b34aaf13d1754',NULL,'2017-02-12 22:25:23',NULL,'2017-02-12 22:25:23');

/*Table structure for table `tc_log` */

DROP TABLE IF EXISTS `tc_log`;

CREATE TABLE `tc_log` (
  `id` char(32) NOT NULL,
  `details` text COMMENT '日志内容描述',
  `method` varchar(500) DEFAULT NULL COMMENT '操作的方法名称、 增、 删、 改',
  `log_type` char(2) DEFAULT NULL COMMENT '日志类型',
  `req_ip` varchar(255) DEFAULT NULL COMMENT '操作ip',
  `ex_code` varchar(500) DEFAULT NULL COMMENT '异常编码',
  `ex_detail` text COMMENT '异常内容描述',
  `params` text COMMENT '请求参数',
  `create_by` char(32) DEFAULT NULL COMMENT '日志创建者',
  `create_time` datetime DEFAULT NULL COMMENT '日志创建时间',
  PRIMARY KEY (`id`)
) ENGINE=InnoDB DEFAULT CHARSET=utf8 COMMENT='系统日志';

/*Data for the table `tc_log` */

insert  into `tc_log`(`id`,`details`,`method`,`log_type`,`req_ip`,`ex_code`,`ex_detail`,`params`,`create_by`,`create_time`) values ('0dc0dc2061c34bf8be89dcb08dece63b','后台用户登录','com.java.controller.LoginController.AdminLogin().select','01','127.0.0.1','java.lang.NullPointerException',NULL,'{\"param\":{\"displayName\":\"\",\"id\":\"\",\"userName\":\"222\",\"userPwd\":\"111111\"}};','','2017-02-15 16:07:06'),('10064103e3bc413a844220f3e22b72ec','后台用户登录','com.java.controller.LoginController.AdminLogin().select','00','127.0.0.1',NULL,NULL,'{\"param\":{\"displayName\":\"\",\"id\":\"\",\"userName\":\"admin\",\"userPwd\":\"111111\"}};','2','2017-02-17 10:59:42'),('1100f820cdd04e6c9f573a3d3af5a719','后台用户登录','com.java.controller.LoginController.AdminLogin().select','00','127.0.0.1',NULL,NULL,'{\"param\":{\"displayName\":\"\",\"id\":\"\",\"userName\":\"222\",\"userPwd\":\"111111\"}};','','2017-02-15 16:07:14'),('1531d6eae57744249d2fd67f00011ab2','后台用户登录','com.java.controller.LoginController.AdminLogin().select','00','127.0.0.1',NULL,NULL,'{\"param\":{\"displayName\":\"\",\"id\":\"\",\"userName\":\"222\",\"userPwd\":\"111111\"}};','2','2017-02-15 16:16:50'),('161d6d6a33f5457d8124fc9db9846eac','后台用户登录','com.java.controller.LoginController.AdminLogin().select','00','0:0:0:0:0:0:0:1',NULL,NULL,'{\"param\":{\"displayName\":\"\",\"id\":\"\",\"userName\":\"22\",\"userPwd\":\"111111\"}};','','2017-02-16 11:03:50'),('20a7361f696646979df50f9550e333ee','后台用户登录','com.java.controller.LoginController.AdminLogin().select','01','127.0.0.1','java.lang.NullPointerException',NULL,'{\"param\":{\"displayName\":\"\",\"id\":\"\",\"userName\":\"222\",\"userPwd\":\"111111\"}};','','2017-02-15 16:07:14'),('21b0f7088fa34598a5488ffa03c09b02','后台用户退出','com.java.controller.LoginController.adminLogout().select','00','127.0.0.1',NULL,NULL,'\"2\";\"丶小破孩灬\";','2','2017-02-15 16:16:45'),('233d35d0e02b4bc1b4fedfbec73d0d15','删除模块','com.java.controller.MenuController.deleteMenu().delete','00','127.0.0.1',NULL,NULL,'\"0924989c3044445aa131517f352a1010\";\"2\";','2','2017-02-17 10:58:31'),('25045610988646b8b8711b4445513d85','后台用户登录','com.java.controller.LoginController.AdminLogin().select','00','0:0:0:0:0:0:0:1',NULL,NULL,'{\"param\":{\"displayName\":\"\",\"id\":\"\",\"userName\":\"222\",\"userPwd\":\"111111\"}};','','2017-02-16 11:03:53'),('2c727921bffb4c6cb75164c1b28ef351','后台用户登录','com.java.controller.LoginController.AdminLogin().select','01','127.0.0.1','java.lang.NullPointerException',NULL,'{\"param\":{\"displayName\":\"\",\"id\":\"\",\"userName\":\"222\",\"userPwd\":\"111111\"}};','','2017-02-15 16:08:44'),('370a3e0e7a00486182cef26303c1de62','删除模块','com.java.controller.MenuController.deleteMenu().delete','00','127.0.0.1',NULL,NULL,'\"e7a285db815549be91b4048d703b7775\";\"2\";','2','2017-02-17 10:54:45'),('378bce9cb50c4172b359b98be877288b','添加、编辑模块','com.java.controller.MenuController.saveMenu().add/update','00','0:0:0:0:0:0:0:1',NULL,NULL,'{\"param\":{\"createBy\":\"2\",\"createTime\":1487223585139,\"id\":\"dc0229f0ccef44f9a7c653fb602e40b1\",\"menuName\":\"帖子奖惩\",\"menuUrl\":\"operateFeeList\",\"pid\":\"f777156c1939456f94d13a7c230ad8b7\",\"sort\":7,\"state\":\"1\",\"updateBy\":\"2\",\"updateTime\":1487223585139}};\"2\";','2','2017-02-16 13:39:45'),('3b65e3be522d40caa57d14cd94f3283f','后台用户登录','com.java.controller.LoginController.AdminLogin().select','00','127.0.0.1',NULL,NULL,'{\"param\":{\"displayName\":\"\",\"id\":\"\",\"userName\":\"222\",\"userPwd\":\"111111\"}};','2','2017-02-15 16:16:38'),('4ad75d9070d845ee918540046dddc07c','后台用户登录','com.java.controller.LoginController.AdminLogin().select','00','0:0:0:0:0:0:0:1',NULL,NULL,'{\"param\":{\"displayName\":\"\",\"id\":\"\",\"userName\":\"222\",\"userPwd\":\"111111\"}};','','2017-02-16 15:49:43'),('4bfd65f600dd43e9b29d7886d941461d','添加、编辑模块','com.java.controller.MenuController.saveMenu().add/update','00','127.0.0.1',NULL,NULL,'{\"param\":{\"createBy\":\"2\",\"createTime\":1487471450730,\"id\":\"f9b4a718c7314576a36ee7443bfbe0eb\",\"menuName\":\"模版管理\",\"menuUrl\":\"actList\",\"pid\":\"f777156c1939456f94d13a7c230ad8b7\",\"sort\":7,\"state\":\"1\",\"updateBy\":\"2\",\"updateTime\":1487471450729}};\"2\";','2','2017-02-19 10:30:51'),('588c6001564d405abba5cb2de538e9bd','后台用户登录','com.java.controller.LoginController.AdminLogin().select','00','0:0:0:0:0:0:0:1',NULL,NULL,'{\"param\":{\"displayName\":\"\",\"id\":\"\",\"userName\":\"222\",\"userPwd\":\"111111\"}};','2','2017-02-16 15:41:30'),('5930f8f0a1b24829beec50e22a6c11c1','后台用户登录','com.java.controller.LoginController.AdminLogin().select','00','127.0.0.1',NULL,NULL,'{\"param\":{\"displayName\":\"\",\"id\":\"\",\"userName\":\"222\",\"userPwd\":\"111111\"}};','','2017-02-15 16:08:44'),('6048edc90e204cd8a24b6ef28fa66e8c','后台用户登录','com.java.controller.LoginController.AdminLogin().select','00','127.0.0.1',NULL,NULL,'{\"param\":{\"displayName\":\"\",\"id\":\"\",\"userName\":\"222\",\"userPwd\":\"111111\"}};','2','2017-02-15 16:11:39'),('6cc4e35657a8460e882c5401e33ffddb','添加、编辑模块','com.java.controller.MenuController.saveMenu().add/update','00','127.0.0.1',NULL,NULL,'{\"param\":{\"createBy\":\"2\",\"createTime\":1487471578637,\"id\":\"f1e4a8bccc6b4b4c80be3a14c033c1f3\",\"menuName\":\"充值记录\",\"menuUrl\":\"payLogList\",\"pid\":\"f777156c1939456f94d13a7c230ad8b7\",\"sort\":9,\"state\":\"1\",\"updateBy\":\"2\",\"updateTime\":1487471578637}};\"2\";','2','2017-02-19 10:32:59'),('727e0ba0a0f74ca49c052b8cf9674565','后台用户退出','com.java.controller.LoginController.adminLogout().select','00','127.0.0.1',NULL,NULL,'\"2\";\"丶小破孩灬\";','2','2017-02-17 10:59:36'),('7379a776bc424ed5acb12c906855f5b2','后台用户登录','com.java.controller.LoginController.AdminLogin().select','00','127.0.0.1',NULL,NULL,'{\"param\":{\"displayName\":\"\",\"id\":\"\",\"userName\":\"111\",\"userPwd\":\"111111\"}};','','2017-02-15 16:08:39'),('762f6d8776c243c7b7cb7b90f108ba57','添加、编辑模块','com.java.controller.MenuController.saveMenu().add/update','00','0:0:0:0:0:0:0:1',NULL,NULL,'{\"param\":{\"createBy\":\"2\",\"createTime\":1487223528817,\"id\":\"dd0e2afec92045f894f667c620eb46ac\",\"menuName\":\"发布资费\",\"menuUrl\":\"activeFeeList\",\"pid\":\"f777156c1939456f94d13a7c230ad8b7\",\"sort\":6,\"state\":\"1\",\"updateBy\":\"2\",\"updateTime\":1487223528817}};\"2\";','2','2017-02-16 13:38:49'),('774c9802cb314e98956f8b4881d48e31','添加、编辑模块','com.java.controller.MenuController.saveMenu().add/update','00','0:0:0:0:0:0:0:1',NULL,NULL,'{\"param\":{\"createBy\":\"2\",\"createTime\":1487214612037,\"id\":\"9ab8fed0ce054c72a60e719703b18b3f\",\"menuName\":\"系统参数\",\"menuUrl\":\"5\",\"pid\":\"f777156c1939456f94d13a7c230ad8b7\",\"sort\":5,\"state\":\"1\",\"updateBy\":\"2\",\"updateTime\":1487214612036}};\"2\";','2','2017-02-16 11:10:12'),('7e4b4bda38bf43c592da001d1bb425fd','后台用户登录','com.java.controller.LoginController.AdminLogin().select','00','127.0.0.1',NULL,NULL,'{\"param\":{\"displayName\":\"\",\"id\":\"\",\"userName\":\"222\",\"userPwd\":\"111111\"}};','','2017-02-15 16:10:13'),('8a03979802e94139a406113be0bbab6f','后台用户登录','com.java.controller.LoginController.AdminLogin().select','00','127.0.0.1',NULL,NULL,'{\"param\":{\"displayName\":\"\",\"id\":\"\",\"userName\":\"111\",\"userPwd\":\"111111\"}};','','2017-02-15 16:04:16'),('8f0ed1ee18a7436f8174298300035d36','后台用户登录','com.java.controller.LoginController.AdminLogin().select','00','127.0.0.1',NULL,NULL,'{\"param\":{\"displayName\":\"\",\"id\":\"\",\"userName\":\"222\",\"userPwd\":\"111111\"}};','','2017-02-15 16:07:05'),('929b57ae5acb4fc4be3b609998b20437','添加、编辑模块','com.java.controller.MenuController.saveMenu().add/update','00','0:0:0:0:0:0:0:1',NULL,NULL,'{\"param\":{\"id\":\"9ab8fed0ce054c72a60e719703b18b3f\",\"menuName\":\"系统参数\",\"menuUrl\":\"sysParamList\",\"updateBy\":\"2\",\"updateTime\":1487214627085}};\"2\";','2','2017-02-16 11:10:27'),('9410eeec888e42449f1db09e8e3a91f9','添加、编辑模块','com.java.controller.MenuController.saveMenu().add/update','00','127.0.0.1',NULL,NULL,'{\"param\":{\"createBy\":\"2\",\"createTime\":1487471619225,\"id\":\"0ab02b55d8e54a9c9e085f5f820e8acf\",\"menuName\":\"推广码生成\",\"menuUrl\":\"payCodeList\",\"pid\":\"f777156c1939456f94d13a7c230ad8b7\",\"sort\":10,\"state\":\"1\",\"updateBy\":\"2\",\"updateTime\":1487471619225}};\"2\";','2','2017-02-19 10:33:39'),('a469a3ab3f0e49bdb0ed73091cad48c1','后台用户登录','com.java.controller.LoginController.AdminLogin().select','00','127.0.0.1',NULL,NULL,'{\"param\":{\"displayName\":\"\",\"id\":\"\",\"userName\":\"222\",\"userPwd\":\"111111\"}};','2','2017-02-16 13:30:28'),('add7004749454fbba0baa03a5731e877','后台用户退出','com.java.controller.LoginController.adminLogout().select','00','0:0:0:0:0:0:0:1',NULL,NULL,'\"2\";\"丶小破孩灬\";','2','2017-02-16 15:41:24'),('b6ff9885d13545f68d7e8df89b83d20c','添加、编辑模块','com.java.controller.MenuController.saveMenu().add/update','00','127.0.0.1',NULL,NULL,'{\"param\":{\"createBy\":\"2\",\"createTime\":1487471645941,\"id\":\"98cef5ac3dd044dab5a5da43f6526946\",\"menuName\":\"问题反馈\",\"menuUrl\":\"fbList\",\"pid\":\"f777156c1939456f94d13a7c230ad8b7\",\"sort\":11,\"state\":\"1\",\"updateBy\":\"2\",\"updateTime\":1487471645941}};\"2\";','2','2017-02-19 10:34:06'),('b9982302d7ea4313ab13730ccb943524','后台用户退出','com.java.controller.LoginController.adminLogout().select','00','127.0.0.1',NULL,NULL,'\"2\";\"丶小破孩灬\";','2','2017-02-15 16:16:33'),('bb84654a9dee428cacc4f6e7a36891b7','后台用户退出','com.java.controller.LoginController.adminLogout().select','00','127.0.0.1',NULL,NULL,'\"2\";\"丶小破孩灬\";','2','2017-02-15 16:46:48'),('d8259ce12a4245f5a8234d4ba86bcbc6','删除模块','com.java.controller.MenuController.deleteMenu().delete','00','127.0.0.1',NULL,NULL,'\"3ccd7c33e51448e3adf5d0a712ab2690\";\"2\";','2','2017-02-17 10:54:38'),('e3871dacf52647ef8f69fd0518193ac7','后台用户登录','com.java.controller.LoginController.AdminLogin().select','00','127.0.0.1',NULL,NULL,'{\"param\":{\"displayName\":\"\",\"id\":\"\",\"userName\":\"222\",\"userPwd\":\"111111\"}};','2','2017-02-15 16:11:17'),('fc7571b891264b6083a62bdb2f85db6a','添加、编辑模块','com.java.controller.MenuController.saveMenu().add/update','00','127.0.0.1',NULL,NULL,'{\"param\":{\"createBy\":\"2\",\"createTime\":1487471549859,\"id\":\"5a9174a132c1430b8ea7c63d72f57f40\",\"menuName\":\"系统消息\",\"menuUrl\":\"userMsgList\",\"pid\":\"f777156c1939456f94d13a7c230ad8b7\",\"sort\":8,\"state\":\"1\",\"updateBy\":\"2\",\"updateTime\":1487471549859}};\"2\";','2','2017-02-19 10:32:30');

/*Table structure for table `tc_menu` */

DROP TABLE IF EXISTS `tc_menu`;

CREATE TABLE `tc_menu` (
  `id` char(32) NOT NULL COMMENT '菜单id',
  `menu_name` varchar(255) DEFAULT NULL COMMENT '菜单名称',
  `menu_url` varchar(255) DEFAULT NULL COMMENT '菜单链接',
  `pid` char(32) DEFAULT NULL COMMENT '上级菜单id',
  `sort` int(11) DEFAULT NULL COMMENT '排序',
  `remark` varchar(255) DEFAULT NULL COMMENT '备注',
  `state` char(1) DEFAULT NULL COMMENT '状态 0删除 1启用 2禁用',
  `create_by` char(32) DEFAULT NULL COMMENT '创建人',
  `create_time` datetime DEFAULT NULL COMMENT '创建时间',
  `update_by` char(32) DEFAULT NULL COMMENT '更新人',
  `update_time` datetime DEFAULT NULL COMMENT '更新时间',
  PRIMARY KEY (`id`)
) ENGINE=InnoDB DEFAULT CHARSET=utf8 COMMENT='后台系统菜单';

/*Data for the table `tc_menu` */

insert  into `tc_menu`(`id`,`menu_name`,`menu_url`,`pid`,`sort`,`remark`,`state`,`create_by`,`create_time`,`update_by`,`update_time`) values ('0924989c3044445aa131517f352a1010','系统日志','logList','f777156c1939456f94d13a7c230ad8b7',4,NULL,'0','1','2017-01-04 15:46:55','2','2017-02-17 10:58:31'),('0ab02b55d8e54a9c9e085f5f820e8acf','推广码生成','payCodeList','f777156c1939456f94d13a7c230ad8b7',10,NULL,'1','2','2017-02-19 10:33:39','2','2017-02-19 10:33:39'),('5a9174a132c1430b8ea7c63d72f57f40','系统消息','userMsgList','f777156c1939456f94d13a7c230ad8b7',8,NULL,'1','2','2017-02-19 10:32:30','2','2017-02-19 10:32:30'),('98cef5ac3dd044dab5a5da43f6526946','问题反馈','fbList','f777156c1939456f94d13a7c230ad8b7',11,NULL,'1','2','2017-02-19 10:34:06','2','2017-02-19 10:34:06'),('9ab8fed0ce054c72a60e719703b18b3f','系统参数','sysParamList','f777156c1939456f94d13a7c230ad8b7',5,NULL,'1','2','2017-02-16 11:10:12','2','2017-02-16 11:10:27'),('d7ecd96d0b65483fbda05b332778f459','分类管理','cateList','f777156c1939456f94d13a7c230ad8b7',1,NULL,'1','1','2017-01-05 16:34:41','1','2017-01-05 17:38:25'),('dc0229f0ccef44f9a7c653fb602e40b1','帖子奖惩','operateFeeList','f777156c1939456f94d13a7c230ad8b7',7,NULL,'1','2','2017-02-16 13:39:45','2','2017-02-16 13:39:45'),('dd0e2afec92045f894f667c620eb46ac','发布资费','activeFeeList','f777156c1939456f94d13a7c230ad8b7',6,NULL,'1','2','2017-02-16 13:38:49','2','2017-02-16 13:38:49'),('f1e4a8bccc6b4b4c80be3a14c033c1f3','充值记录','payLogList','f777156c1939456f94d13a7c230ad8b7',9,NULL,'1','2','2017-02-19 10:32:59','2','2017-02-19 10:32:59'),('f777156c1939456f94d13a7c230ad8b2','用户列表','userList','f777156c1939456f94d13a7c230ad8b7',1,NULL,'1',NULL,NULL,'1','2017-01-03 13:19:53'),('f777156c1939456f94d13a7c230ad8b3','模块列表','menuList','f777156c1939456f94d13a7c230ad8b7',2,'模块列表','1',NULL,NULL,NULL,NULL),('f777156c1939456f94d13a7c230ad8b4','角色列表','roleList','f777156c1939456f94d13a7c230ad8b7',3,NULL,'0',NULL,NULL,'1','2017-01-03 13:14:05'),('f777156c1939456f94d13a7c230ad8b7','系统管理','system','0',1,'用户管理','1',NULL,NULL,NULL,NULL),('f9b4a718c7314576a36ee7443bfbe0eb','模版管理','actList','f777156c1939456f94d13a7c230ad8b7',7,NULL,'1','2','2017-02-19 10:30:51','2','2017-02-19 10:30:51');

/*Table structure for table `tc_message` */

DROP TABLE IF EXISTS `tc_message`;

CREATE TABLE `tc_message` (
  `id` char(32) NOT NULL COMMENT '同城购',
  `user_id` char(32) DEFAULT NULL COMMENT '用户id',
  `card_id` char(32) DEFAULT NULL COMMENT '用户名片id',
  `title` varchar(100) DEFAULT NULL COMMENT '标题',
  `remark` varchar(2000) DEFAULT NULL COMMENT '内容',
  `region` varchar(1000) DEFAULT NULL COMMENT '提供服务的区域',
  `addName` varchar(1000) DEFAULT NULL COMMENT '消息发布时用户的定位',
  `create_by` char(32) DEFAULT NULL COMMENT '创建人',
  `create_time` datetime DEFAULT NULL COMMENT '创建时间',
  `update_by` char(32) DEFAULT NULL COMMENT '更新人',
  `update_time` datetime DEFAULT NULL COMMENT '更新时间',
  PRIMARY KEY (`id`)
) ENGINE=InnoDB DEFAULT CHARSET=utf8 COMMENT='同城搜';

/*Data for the table `tc_message` */

insert  into `tc_message`(`id`,`user_id`,`card_id`,`title`,`remark`,`region`,`addName`,`create_by`,`create_time`,`update_by`,`update_time`) values ('1','1',NULL,'1','1','1','太原','1','2017-01-22 20:38:07','1','2017-01-22 20:38:10'),('105707891ca246b38c87be344cc0b66a','1','1','安抚','撒旦法啊','撒旦法','太原','','2017-02-17 11:24:03','','2017-02-17 11:24:03'),('2','1',NULL,'2','2','2','太原','2','2017-01-25 20:38:15','2','2017-01-25 20:38:19'),('3e59f40808694929b9f75c952312839f','1','1','sdfs','','sdfsdf','太原','','2017-02-17 16:52:23','','2017-02-17 16:52:23'),('3e8cb11fe1884e00aa91359ce5091bdd','1','1','sdfsadf','asdfa','sdfas','太原','','2017-02-17 16:38:02','','2017-02-17 15:28:02'),('6172d62f90614d7890a0ceb0b21ab8ad','99383391a49d4a16b7b1a5e00a8115f9','b149eeefd4b64f928ab52d032e0b0e27','多大的','达到','达到','太原','','2017-02-20 17:45:10','','2017-02-20 16:57:10'),('87c0881c946f4501b0fe7c7239f8528a','1','1','是打发撒旦法','啊啊发','撒的发生','太原','','2017-02-17 11:29:44','','2017-02-17 11:29:44'),('b6f097d1d70e4eac8e53c7b5eb030097','1','1','撒的发生','是打发撒旦法','按时发达','太原','','2017-02-17 11:28:13','','2017-02-17 11:28:13'),('bb3ff52f8a0a4251a09e11470fb34604','1','1','sdfsf','sdfsdf','sdfsdf','太原','','2017-02-17 14:45:36','','2017-02-17 15:25:36'),('d7b417c1d07f406eb6238897a40d80a3','99383391a49d4a16b7b1a5e00a8115f9','b149eeefd4b64f928ab52d032e0b0e27','多大的','达到','达到','太原','','2017-02-20 17:57:20','','2017-02-20 17:57:20'),('e61988ee9404408cb5c455d6d2328e72','99383391a49d4a16b7b1a5e00a8115f9','b149eeefd4b64f928ab52d032e0b0e27','衣服处理需要联系','多大的','迎泽','太原','','2017-02-20 16:34:50','','2017-02-20 16:40:50');

/*Table structure for table `tc_message_review` */

DROP TABLE IF EXISTS `tc_message_review`;

CREATE TABLE `tc_message_review` (
  `id` char(32) NOT NULL COMMENT '同城购',
  `user_id` char(32) DEFAULT NULL COMMENT '用户id',
  `card_id` char(32) DEFAULT NULL COMMENT '用户名片id',
  `msg_id` varchar(100) DEFAULT NULL COMMENT '同城搜id',
  `remark` varchar(2000) DEFAULT NULL COMMENT '内容',
  `msg_pic` varchar(100) DEFAULT NULL COMMENT '回复图片',
  `create_by` char(32) DEFAULT NULL COMMENT '创建人',
  `create_time` datetime DEFAULT NULL COMMENT '创建时间',
  `update_by` char(32) DEFAULT NULL COMMENT '更新人',
  `update_time` datetime DEFAULT NULL COMMENT '更新时间',
  PRIMARY KEY (`id`)
) ENGINE=InnoDB DEFAULT CHARSET=utf8 COMMENT='同城搜回复';

/*Data for the table `tc_message_review` */

insert  into `tc_message_review`(`id`,`user_id`,`card_id`,`msg_id`,`remark`,`msg_pic`,`create_by`,`create_time`,`update_by`,`update_time`) values ('1','1',NULL,'1','1',NULL,NULL,NULL,NULL,NULL),('2','2',NULL,'1','2','2',NULL,NULL,NULL,NULL),('3','1',NULL,'1','2','3',NULL,NULL,NULL,NULL),('4','1',NULL,'2','2','2',NULL,NULL,NULL,NULL);

/*Table structure for table `tc_operate_fee` */

DROP TABLE IF EXISTS `tc_operate_fee`;

CREATE TABLE `tc_operate_fee` (
  `id` char(32) NOT NULL COMMENT '帖子奖惩',
  `log_type` char(10) DEFAULT NULL COMMENT '操作类型 2分享 3重复 4水贴',
  `amount` decimal(10,2) DEFAULT NULL COMMENT '奖惩',
  `remark` varchar(500) DEFAULT NULL COMMENT '封顶备注',
  PRIMARY KEY (`id`)
) ENGINE=InnoDB DEFAULT CHARSET=utf8 COMMENT='帖子奖惩';

/*Data for the table `tc_operate_fee` */

insert  into `tc_operate_fee`(`id`,`log_type`,`amount`,`remark`) values ('7a263c7ac5f64c069454e35f6c127665','4','24.00','sdfasdf'),('94ce9309c8aa4d239a1ec344390982d7','2','2.00','ddd'),('e0c6bbfb9e9f4d3f935d427304c7b862','3','-3.00','sdfsdfsadf');

/*Table structure for table `tc_pay_code` */

DROP TABLE IF EXISTS `tc_pay_code`;

CREATE TABLE `tc_pay_code` (
  `id` char(32) NOT NULL COMMENT '推荐码',
  `code` char(32) DEFAULT NULL COMMENT '推荐码',
  `state` char(1) DEFAULT NULL COMMENT '状态 0删除 1未使用 2已使用',
  `act_id` char(32) DEFAULT NULL COMMENT '模板id',
  `create_time` datetime DEFAULT NULL COMMENT '创建时间',
  PRIMARY KEY (`id`)
) ENGINE=InnoDB DEFAULT CHARSET=utf8 COMMENT='推荐码';

/*Data for the table `tc_pay_code` */

insert  into `tc_pay_code`(`id`,`code`,`state`,`act_id`,`create_time`) values ('03e89142c26142068ba88ce9e45b8a35','014565','1',NULL,'2017-02-19 12:37:19'),('1b425084003e424eb8bdae1c99e64964','874012','2','ac05b1f8508844e8bc8a76232aaefc39','2017-02-19 12:37:19'),('20cfc6144c564de799fe0e76ef0e433b','483945','1',NULL,'2017-02-19 12:37:19'),('2338fd0a3c9c4291a961398b0c07dd45','024724','1',NULL,'2017-02-19 12:37:19'),('26c40a80fa274896baf7ab51e1919ece','994077','1',NULL,'2017-02-19 12:37:19'),('571b0f49d170439bb667092c93f100a8','147603','1',NULL,'2017-02-19 12:37:19'),('5e9b76d220814f3498b6c86dc9583234','039107','1',NULL,'2017-02-19 12:37:19'),('64dc47dd706d49969bdf95261bc6d208','284100','1',NULL,'2017-02-19 12:37:19'),('659ea149bb8b4117a646d7f3eb109132','867966','1',NULL,'2017-02-19 12:37:19'),('6c7d32eaa8e944d798ac4a7391cff7e8','574115','1',NULL,'2017-02-19 12:37:19'),('73ac2cd6f97d4420935970ef7f6a2c52','068201','1',NULL,'2017-02-19 12:37:19'),('769798f63e2b4164906aacc2e0d073b8','684259','1',NULL,'2017-02-19 12:37:19'),('88206c05a03e4288a01199afd264e681','210011','1',NULL,'2017-02-19 12:37:19'),('a32b3e17bd904efcbe80a611c76c17c2','713480','1',NULL,'2017-02-19 12:37:19'),('afdd36a0a2bb433da1b9afe4a15b17e6','077431','1',NULL,'2017-02-19 12:37:19'),('dcbbf233738940008a72a054333af84a','577349','1',NULL,'2017-02-19 12:37:19'),('de92a56d477e4df0b2fcf464924ccdbb','601834','1',NULL,'2017-02-19 12:37:20'),('e81273580d4446b09419a146d0c334d7','913577','1',NULL,'2017-02-19 12:37:19'),('f8743c4f9b0149a98fb025f8bf838740','174112','1',NULL,'2017-02-19 12:37:19'),('fb75360c14d241468c54a69d24ab3762','301542','1',NULL,'2017-02-19 12:37:20');

/*Table structure for table `tc_pay_log` */

DROP TABLE IF EXISTS `tc_pay_log`;

CREATE TABLE `tc_pay_log` (
  `id` char(32) NOT NULL COMMENT '同城购缴费记录',
  `user_id` char(32) DEFAULT NULL COMMENT '用户id',
  `remark` varchar(500) DEFAULT NULL COMMENT '备注信息 推广或者广告缴费',
  `act_id` char(32) DEFAULT NULL COMMENT '模板id',
  `amount` decimal(10,2) DEFAULT NULL COMMENT '缴费金额',
  `create_by` char(32) DEFAULT NULL COMMENT '创建人',
  `create_time` datetime DEFAULT NULL COMMENT '创建时间',
  `update_by` char(32) DEFAULT NULL COMMENT '更新人',
  `update_time` datetime DEFAULT NULL COMMENT '更新时间',
  PRIMARY KEY (`id`)
) ENGINE=InnoDB DEFAULT CHARSET=utf8 COMMENT='同城购缴费记录';

/*Data for the table `tc_pay_log` */

insert  into `tc_pay_log`(`id`,`user_id`,`remark`,`act_id`,`amount`,`create_by`,`create_time`,`update_by`,`update_time`) values ('1','1','1','1','1.00',NULL,'2017-02-19 15:29:54',NULL,NULL),('2','1','2','1','2.00',NULL,'2017-02-19 15:30:02',NULL,NULL);

/*Table structure for table `tc_role` */

DROP TABLE IF EXISTS `tc_role`;

CREATE TABLE `tc_role` (
  `id` char(32) NOT NULL COMMENT '角色id',
  `role_name` varchar(255) DEFAULT NULL COMMENT '角色名称',
  `remark` varchar(255) DEFAULT NULL COMMENT '备注',
  `state` char(1) DEFAULT NULL COMMENT '状态 0删除 1启用 2禁用',
  `create_by` char(32) DEFAULT NULL COMMENT '创建人',
  `create_time` datetime DEFAULT NULL COMMENT '创建时间',
  `update_by` char(32) DEFAULT NULL COMMENT '更新人',
  `update_time` datetime DEFAULT NULL COMMENT '更新时间',
  PRIMARY KEY (`id`)
) ENGINE=InnoDB DEFAULT CHARSET=utf8 COMMENT='角色表';

/*Data for the table `tc_role` */

insert  into `tc_role`(`id`,`role_name`,`remark`,`state`,`create_by`,`create_time`,`update_by`,`update_time`) values ('1','system','超级管理员','1',NULL,NULL,NULL,NULL),('2','admin','系统管理员','1',NULL,NULL,NULL,NULL);

/*Table structure for table `tc_role_menu` */

DROP TABLE IF EXISTS `tc_role_menu`;

CREATE TABLE `tc_role_menu` (
  `id` char(32) NOT NULL COMMENT '角色-菜单关系表',
  `role_id` char(32) DEFAULT NULL COMMENT '角色Id',
  `menu_id` char(32) DEFAULT NULL COMMENT '菜单Id',
  PRIMARY KEY (`id`)
) ENGINE=InnoDB DEFAULT CHARSET=utf8 COMMENT='sc_role_menu';

/*Data for the table `tc_role_menu` */

insert  into `tc_role_menu`(`id`,`role_id`,`menu_id`) values ('1','1','1'),('2','1','2'),('3','1','3'),('4','1','4'),('5','1','5'),('6','1','6');

/*Table structure for table `tc_sys_param` */

DROP TABLE IF EXISTS `tc_sys_param`;

CREATE TABLE `tc_sys_param` (
  `id` char(32) NOT NULL COMMENT '系统参数',
  `p_name` varchar(50) DEFAULT NULL COMMENT '参数名称',
  `p_key` varchar(50) DEFAULT NULL COMMENT '参数标识',
  `p_value` varchar(2000) DEFAULT NULL COMMENT '参数值',
  PRIMARY KEY (`id`)
) ENGINE=InnoDB DEFAULT CHARSET=utf8 COMMENT='系统参数';

/*Data for the table `tc_sys_param` */

insert  into `tc_sys_param`(`id`,`p_name`,`p_key`,`p_value`) values ('0d66c520c142468c9372e35e312db65e','首页同城购列表显示数量','index_tcg_num','6'),('391627105a9b4541b6fa9c18f5b1602a','奖励惩罚说明','jlcf','活动内容每被分享一次，该活动的排名资金加5元，累计80元封顶。活动每被评为重复则排名资金减一元，累计20次排名资金小于零元并且轮播图类信息，则活动被强制下架，账号两日内禁止发布免费广告。活动每被评为水贴，排名资金减一元，累计50次排名资金小于零元并且轮播图类信息，则活动被强制下架，帐号五日内禁止发布免费信息。'),('6ea0d070dd9c4aff85b92270b724f9f1','模板生成页说明','mbscy','<li><i>发布说明：</i>发布内容举办地必须为本地。主要包括店庆、开业、店面升级，节目促销等优惠活动。</li>\r\n				<li><i>资费说明：</i>样式1为收费展示(例如首页轮播大图、四大模块大图部分)展示费用每天80元。样式2为免费展示(例如同城购四大模块非大图部分)</li>\r\n				<li><i>请人代做：</i>每次40元。</li>\r\n				<li><i>位置代码：</i>生成规则轮播图A同城购B四大模块超市C婴孕D车辆E房产F+样式1为数字1样式2为数字2。(样式1指首导航页是大图的形式，样式2指导航页是左侧店铺图片+右侧店铺名称和简短活动说明)例如轮播图位置代码为A1,A指轮播图位置为轮播图，1指样式1。</li>'),('a698436aa8ec4a3bb5141bb8bb5be065','同城搜默认显示天数','tcsts','2'),('ae9c471e16384e1aa29fc0ddaed52f79','首页轮播图显数量','index_top_num','5'),('b810313d1276428e96ba80fd9373e044','加入我们说明','jrwm','加入我们说明'),('fdbd80dcb40a4fa8a11fe16fd4f6c6f4','首页同城搜列表显示数量','index_tcs_num','6');

/*Table structure for table `tc_user` */

DROP TABLE IF EXISTS `tc_user`;

CREATE TABLE `tc_user` (
  `id` char(32) NOT NULL COMMENT '用户Id',
  `user_name` varchar(255) DEFAULT NULL COMMENT '用户名',
  `user_pwd` varchar(255) DEFAULT NULL COMMENT '登录密码',
  `display_name` varchar(255) DEFAULT NULL COMMENT '显示的名称（昵称）',
  `user_type` char(1) DEFAULT NULL COMMENT '用户类型 0商家 活动方 1一般 ',
  `email` varchar(255) DEFAULT NULL COMMENT '邮箱',
  `mobile` char(11) DEFAULT NULL COMMENT '手机号码',
  `login_error_count` int(11) DEFAULT NULL COMMENT '登录错误次数',
  `login_ip` varchar(255) DEFAULT NULL COMMENT '登录ip',
  `last_login_time` datetime DEFAULT NULL COMMENT '最后一次登录时间',
  `state` char(1) DEFAULT NULL COMMENT '状态 0删除 1启用 2禁用 3禁止发布',
  `create_by` char(32) DEFAULT NULL COMMENT '创建人',
  `create_time` datetime DEFAULT NULL COMMENT '创建时间',
  `update_by` char(32) DEFAULT NULL COMMENT '更新人',
  `update_time` datetime DEFAULT NULL COMMENT '更新时间',
  PRIMARY KEY (`id`)
) ENGINE=InnoDB DEFAULT CHARSET=utf8 COMMENT='用户表';

/*Data for the table `tc_user` */

insert  into `tc_user`(`id`,`user_name`,`user_pwd`,`display_name`,`user_type`,`email`,`mobile`,`login_error_count`,`login_ip`,`last_login_time`,`state`,`create_by`,`create_time`,`update_by`,`update_time`) values ('011a5147f9ef4ec8a79396493f10be3b','ee','68a6dcbece2b8cdfe85523a89041a425','','1',NULL,NULL,NULL,NULL,NULL,'1','011a5147f9ef4ec8a79396493f10be3b','2017-02-18 11:20:05',NULL,NULL),('1','111','7fa8282ad93047a4d6fe6111c93b308a','丶小破孩灬','1',NULL,NULL,NULL,NULL,NULL,'1',NULL,'2017-02-16 15:54:37',NULL,NULL),('2','222','dcfa058bb7993b59dc8a1ee8594a4114','系统管理员','0',NULL,NULL,NULL,NULL,NULL,'1',NULL,'2017-02-02 15:54:47',NULL,NULL),('7625664e3e8c4990bc1eb9ed58810e35','33','5f809997ec88a2b76e672a04f8ab5426','','1',NULL,NULL,NULL,NULL,NULL,'1','7625664e3e8c4990bc1eb9ed58810e35','2017-02-18 11:05:35',NULL,NULL),('7d884c13d1a0453ab4efb2c2b29f31b4','ddd','852e9aab69c9625eec1c0eb48100185a','','1',NULL,NULL,NULL,NULL,NULL,'1','7d884c13d1a0453ab4efb2c2b29f31b4','2017-02-18 11:08:10',NULL,NULL),('99383391a49d4a16b7b1a5e00a8115f9','13620616791','c0635bb9d08f444c14a0cc688fda91c2','','1',NULL,'13620616791',NULL,NULL,NULL,'1','99383391a49d4a16b7b1a5e00a8115f9','2017-02-20 10:14:06',NULL,NULL);

/*Table structure for table `tc_user_card` */

DROP TABLE IF EXISTS `tc_user_card`;

CREATE TABLE `tc_user_card` (
  `id` char(32) NOT NULL COMMENT '用户名片',
  `user_id` char(32) DEFAULT NULL COMMENT '用户id',
  `pic_url` char(255) DEFAULT NULL COMMENT '头像',
  `card_name` varchar(500) DEFAULT NULL COMMENT '名称或店铺名',
  `address` varchar(1000) DEFAULT NULL COMMENT '地址',
  `telphone` varchar(20) DEFAULT NULL COMMENT '联系电话',
  `route` varchar(500) DEFAULT NULL COMMENT '路线',
  `region` varchar(2000) DEFAULT NULL COMMENT '经营范围',
  `state` char(1) DEFAULT NULL COMMENT '状态 0删除 1启用 2当前使用',
  `create_by` char(32) DEFAULT NULL COMMENT '创建人',
  `create_time` datetime DEFAULT NULL COMMENT '创建时间',
  `update_by` char(32) DEFAULT NULL COMMENT '更新人',
  `update_time` datetime DEFAULT NULL COMMENT '更新时间',
  PRIMARY KEY (`id`)
) ENGINE=InnoDB DEFAULT CHARSET=utf8 COMMENT='我的名片';

/*Data for the table `tc_user_card` */

insert  into `tc_user_card`(`id`,`user_id`,`pic_url`,`card_name`,`address`,`telphone`,`route`,`region`,`state`,`create_by`,`create_time`,`update_by`,`update_time`) values ('0f7d007e50c04f1295c7aec23886a3e7','1','../img/touxiang.png','123','123','123','123','123123123','1',NULL,'2017-02-11 12:51:47',NULL,'2017-02-11 12:51:47'),('1','1','1','丶小破孩灬','1','343342343','fsdfafd','asdfadfdfa','2',NULL,NULL,NULL,'2017-02-17 15:45:15'),('11be6adc414c4538bc41c64446fa994b','1','blob:file%3A///c546eb04-9399-478e-ace8-4999610dcb5a','ccccccc','','','','','1',NULL,'2017-02-12 21:38:34',NULL,'2017-02-12 21:38:34'),('2','1','1','刘涛','2',NULL,NULL,NULL,'1',NULL,NULL,NULL,NULL),('212c93bf03964f5894dd0bc8cf4bd003','1','../img/touxiang.png','测试1','测试1','','','','1',NULL,'2017-02-12 21:13:24',NULL,'2017-02-12 21:13:24'),('263e89a9bfc8415682f4ca190b6629de','1','../img/touxiang.png','121','31212','123','123','123','1',NULL,'2017-02-11 12:48:26',NULL,'2017-02-11 12:48:26'),('36ee5dcf89bd446ab5b9ed42d47e4ecb','1','/tcimg/1/dbf80f344e8549f3a069b49f81db9b94.jpg','aaaaaa','','','','','0',NULL,'2017-02-12 21:43:20',NULL,'2017-02-12 21:43:20'),('4dc79e0151974709996e2a523777d9ff','1','../img/touxiang.png','123123','123','','','','1',NULL,'2017-02-12 21:26:51',NULL,'2017-02-12 21:26:51'),('6bbe70e528844a1e9f8430cf8270851e','1','../img/touxiang.png','1123','12312','123','123','123','1',NULL,'2017-02-11 12:44:28',NULL,'2017-02-11 12:44:28'),('760633b3f1dc4f32b05049450001a9f7','1','../img/touxiang.png','1','123','123','123','123','1',NULL,'2017-02-11 12:44:51',NULL,'2017-02-11 12:44:51'),('8afbaf5a5580405bbec528bd4a1c0a40','1','../img/touxiang.png','测试','ascasc','asdadaw','awdawdwa','awdwa','1',NULL,'2017-02-12 21:11:10',NULL,'2017-02-12 21:11:10'),('a2316e02ae7246dbb757760799a3f211','1','../img/touxiang.png','12','312','','','','1',NULL,'2017-02-11 12:53:55',NULL,'2017-02-11 12:53:55'),('b149eeefd4b64f928ab52d032e0b0e27','99383391a49d4a16b7b1a5e00a8115f9','/tcimg/99383391a49d4a16b7b1a5e00a8115f9/d1bd94d30633493fa3bd9a2985e240dc.png','奥莱','柳巷奥莱','1362086331','27路','精品服装','2',NULL,'2017-02-20 13:57:18',NULL,'2017-02-20 13:57:29'),('b94d3fb313a348669e6947e12eaf2723','1','../img/touxiang.png','12','123','123','123','123','1',NULL,'2017-02-12 21:10:54',NULL,'2017-02-12 21:10:54'),('cc9b1ba5a81041e59027a5171309f92a','1','../img/touxiang.png','123','123','123','123123','12312312','1',NULL,'2017-02-11 12:53:23',NULL,'2017-02-11 12:53:23');

/*Table structure for table `tc_user_fav` */

DROP TABLE IF EXISTS `tc_user_fav`;

CREATE TABLE `tc_user_fav` (
  `id` char(32) NOT NULL COMMENT '我的关注',
  `user_id` char(32) DEFAULT NULL COMMENT '用户id',
  `act_id` char(32) DEFAULT NULL COMMENT '活动id',
  `create_by` char(32) DEFAULT NULL COMMENT '创建人',
  `create_time` datetime DEFAULT NULL COMMENT '创建时间',
  `update_by` char(32) DEFAULT NULL COMMENT '更新人',
  `update_time` datetime DEFAULT NULL COMMENT '更新时间',
  PRIMARY KEY (`id`)
) ENGINE=InnoDB DEFAULT CHARSET=utf8 COMMENT='我的关注';

/*Data for the table `tc_user_fav` */

insert  into `tc_user_fav`(`id`,`user_id`,`act_id`,`create_by`,`create_time`,`update_by`,`update_time`) values ('107f55dfe4fe43f79e2708178e70d0ef','1','2',NULL,'2017-02-07 16:39:07',NULL,NULL),('178a1c67a810495ab0d5745295fe89ff','1','2',NULL,'2017-02-07 16:18:13',NULL,NULL),('1d2b7ceda3b346eaa35655ed94a28c33','null','3',NULL,'2017-02-20 09:41:18',NULL,NULL),('6770352347a641fbbfde3e403ba95ddf','1','3',NULL,'2017-02-17 17:34:38',NULL,NULL),('7f25f5f509434b32960addc4b576f031','2','2',NULL,'2017-02-07 16:20:33',NULL,NULL),('a2e2c053775842cb8899f769b643d3cf','2','2',NULL,'2017-02-07 16:22:40',NULL,NULL),('a71c0b199515411ca7c0fc0da3dd7077','1','2',NULL,'2017-02-07 16:25:59',NULL,NULL),('e20174aed1c045798afdf44a8b82b485','null','b2e87f6a396747ad9fae821df33d68e5',NULL,'2017-02-20 09:40:42',NULL,NULL);

/*Table structure for table `tc_user_msg` */

DROP TABLE IF EXISTS `tc_user_msg`;

CREATE TABLE `tc_user_msg` (
  `id` char(32) NOT NULL COMMENT '我的消息',
  `user_id` char(32) DEFAULT NULL COMMENT '用户id',
  `msg_type` char(1) DEFAULT NULL COMMENT '消息类型 0系统消息 1活动消息 2推广消息',
  `content` varchar(2000) DEFAULT NULL COMMENT '消息内容',
  `state` char(1) DEFAULT NULL COMMENT '状态 0删除 1未读 2已读',
  `create_by` char(32) DEFAULT NULL COMMENT '创建人',
  `create_time` datetime DEFAULT NULL COMMENT '创建时间',
  `update_by` char(32) DEFAULT NULL COMMENT '更新人',
  `update_time` datetime DEFAULT NULL COMMENT '更新时间',
  PRIMARY KEY (`id`)
) ENGINE=InnoDB DEFAULT CHARSET=utf8 COMMENT='我的消息';

/*Data for the table `tc_user_msg` */

insert  into `tc_user_msg`(`id`,`user_id`,`msg_type`,`content`,`state`,`create_by`,`create_time`,`update_by`,`update_time`) values ('21480aacef5c48b0885cc032696fd779',NULL,'0','测试','1',NULL,'2017-02-19 12:10:19',NULL,NULL),('27f6935707f745cfaf83850b9ea2df38',NULL,'0','不知道 哈哈哈哈哈啊哈','1',NULL,'2017-02-19 12:08:59',NULL,NULL),('2de3cb81752a4e1e85eb02e6d6dac2da',NULL,'0','ddd','1',NULL,'2017-02-20 11:10:43',NULL,NULL),('31a9ee335e0444b393aca0bd7734da04','7625664e3e8c4990bc1eb9ed58810e35','0','欢迎光临！！！','1',NULL,'2017-02-20 11:26:11',NULL,NULL),('a2d562a17cce4352baaf91ee3ed982ef','99383391a49d4a16b7b1a5e00a8115f9','0','欢迎光临！！！','1',NULL,'2017-02-20 11:26:11',NULL,NULL),('a751f515dbf4404d9a799307f6fa8f8a',NULL,'0','哈哈哈','1',NULL,'2017-02-19 12:10:08',NULL,NULL),('b03264cbfe494c798a0e188782499a6d','011a5147f9ef4ec8a79396493f10be3b','0','欢迎光临！！！','1',NULL,'2017-02-20 11:26:11',NULL,NULL),('b2f99b89ed1f4652b04cc0ecab209f47','011a5147f9ef4ec8a79396493f10be3b','0','哈哈哈！！！','1',NULL,'2017-02-20 11:23:58',NULL,NULL),('b7ed591c7c274dd98b7867d14804188c','011a5147f9ef4ec8a79396493f10be3b','0','呵呵呵！！！','1',NULL,'2017-02-20 11:24:25',NULL,NULL),('c55a58da1d584ab593c6bdfe4039d41b','2','0','欢迎光临！！！','1',NULL,'2017-02-20 11:26:11',NULL,NULL),('ec9278463e5247f1aadb5f4c827d6021','1','0','欢迎光临！！！','1',NULL,'2017-02-20 11:26:11',NULL,NULL),('fd9cbbfc887c46a3a9170f08d31a0efa','7d884c13d1a0453ab4efb2c2b29f31b4','0','欢迎光临！！！','1',NULL,'2017-02-20 11:26:11',NULL,NULL);

/*Table structure for table `tc_user_role` */

DROP TABLE IF EXISTS `tc_user_role`;

CREATE TABLE `tc_user_role` (
  `id` char(32) NOT NULL COMMENT '用户-角色关系表',
  `user_id` char(32) DEFAULT NULL COMMENT '用户Id',
  `role_id` char(32) DEFAULT NULL COMMENT '角色Id',
  PRIMARY KEY (`id`)
) ENGINE=InnoDB DEFAULT CHARSET=utf8 COMMENT='用户-角色关系表';

/*Data for the table `tc_user_role` */

insert  into `tc_user_role`(`id`,`user_id`,`role_id`) values ('1','2','1'),('2','2','2');

/*!40101 SET SQL_MODE=@OLD_SQL_MODE */;
/*!40014 SET FOREIGN_KEY_CHECKS=@OLD_FOREIGN_KEY_CHECKS */;
/*!40014 SET UNIQUE_CHECKS=@OLD_UNIQUE_CHECKS */;
/*!40111 SET SQL_NOTES=@OLD_SQL_NOTES */;
